GO:0000038	very_long-chain_fatty_acid_metabolic_process	biological_process
GO:0000070	mitotic_sister_chromatid_segregation	biological_process
GO:0000082	G1/S_transition_of_mitotic_cell_cycle	biological_process
GO:0000083	regulation_of_transcription_involved_in_G1/S_transition_of_mitotic_cell_cycle	biological_process
GO:0000086	G2/M_transition_of_mitotic_cell_cycle	biological_process
GO:0000096	sulfur_amino_acid_metabolic_process	biological_process
GO:0000122	negative_regulation_of_transcription_by_RNA_polymerase_II	biological_process
GO:0000165	MAPK_cascade	biological_process
GO:0000186	activation_of_MAPKK_activity	biological_process
GO:0000187	activation_of_MAPK_activity	biological_process
GO:0000209	protein_polyubiquitination	biological_process
GO:0000226	microtubule_cytoskeleton_organization	biological_process
GO:0000281	mitotic_cytokinesis	biological_process
GO:0000302	response_to_reactive_oxygen_species	biological_process
GO:0000398	mRNA_splicing,_via_spliceosome	biological_process
GO:0000413	protein_peptidyl-prolyl_isomerization	biological_process
GO:0000723	telomere_maintenance	biological_process
GO:0000724	double-strand_break_repair_via_homologous_recombination	biological_process
GO:0000904	cell_morphogenesis_involved_in_differentiation	biological_process
GO:0000956	nuclear-transcribed_mRNA_catabolic_process	biological_process
GO:0001101	response_to_acid_chemical	biological_process
GO:0001501	skeletal_system_development	biological_process
GO:0001503	ossification	biological_process
GO:0001504	neurotransmitter_uptake	biological_process
GO:0001505	regulation_of_neurotransmitter_levels	biological_process
GO:0001525	angiogenesis	biological_process
GO:0001541	ovarian_follicle_development	biological_process
GO:0001558	regulation_of_cell_growth	biological_process
GO:0001569	branching_involved_in_blood_vessel_morphogenesis	biological_process
GO:0001570	vasculogenesis	biological_process
GO:0001649	osteoblast_differentiation	biological_process
GO:0001656	metanephros_development	biological_process
GO:0001657	ureteric_bud_development	biological_process
GO:0001658	branching_involved_in_ureteric_bud_morphogenesis	biological_process
GO:0001659	temperature_homeostasis	biological_process
GO:0001662	behavioral_fear_response	biological_process
GO:0001666	response_to_hypoxia	biological_process
GO:0001676	long-chain_fatty_acid_metabolic_process	biological_process
GO:0001701	in_utero_embryonic_development	biological_process
GO:0001704	formation_of_primary_germ_layer	biological_process
GO:0001708	cell_fate_specification	biological_process
GO:0001754	eye_photoreceptor_cell_differentiation	biological_process
GO:0001755	neural_crest_cell_migration	biological_process
GO:0001756	somitogenesis	biological_process
GO:0001764	neuron_migration	biological_process
GO:0001774	microglial_cell_activation	biological_process
GO:0001782	B_cell_homeostasis	biological_process
GO:0001816	cytokine_production	biological_process
GO:0001817	regulation_of_cytokine_production	biological_process
GO:0001818	negative_regulation_of_cytokine_production	biological_process
GO:0001819	positive_regulation_of_cytokine_production	biological_process
GO:0001822	kidney_development	biological_process
GO:0001823	mesonephros_development	biological_process
GO:0001824	blastocyst_development	biological_process
GO:0001841	neural_tube_formation	biological_process
GO:0001843	neural_tube_closure	biological_process
GO:0001889	liver_development	biological_process
GO:0001890	placenta_development	biological_process
GO:0001894	tissue_homeostasis	biological_process
GO:0001895	retina_homeostasis	biological_process
GO:0001909	leukocyte_mediated_cytotoxicity	biological_process
GO:0001912	positive_regulation_of_leukocyte_mediated_cytotoxicity	biological_process
GO:0001933	negative_regulation_of_protein_phosphorylation	biological_process
GO:0001935	endothelial_cell_proliferation	biological_process
GO:0001937	negative_regulation_of_endothelial_cell_proliferation	biological_process
GO:0001938	positive_regulation_of_endothelial_cell_proliferation	biological_process
GO:0001942	hair_follicle_development	biological_process
GO:0001944	vasculature_development	biological_process
GO:0001945	lymph_vessel_development	biological_process
GO:0001947	heart_looping	biological_process
GO:0001953	negative_regulation_of_cell-matrix_adhesion	biological_process
GO:0001958	endochondral_ossification	biological_process
GO:0001959	regulation_of_cytokine-mediated_signaling_pathway	biological_process
GO:0001960	negative_regulation_of_cytokine-mediated_signaling_pathway	biological_process
GO:0001961	positive_regulation_of_cytokine-mediated_signaling_pathway	biological_process
GO:0001974	blood_vessel_remodeling	biological_process
GO:0001975	response_to_amphetamine	biological_process
GO:0002003	angiotensin_maturation	biological_process
GO:0002011	morphogenesis_of_an_epithelial_sheet	biological_process
GO:0002021	response_to_dietary_excess	biological_process
GO:0002026	regulation_of_the_force_of_heart_contraction	biological_process
GO:0002029	desensitization_of_G_protein-coupled_receptor_signaling_pathway	biological_process
GO:0002040	sprouting_angiogenesis	biological_process
GO:0002053	positive_regulation_of_mesenchymal_cell_proliferation	biological_process
GO:0002062	chondrocyte_differentiation	biological_process
GO:0002064	epithelial_cell_development	biological_process
GO:0002066	columnar/cuboidal_epithelial_cell_development	biological_process
GO:0002067	glandular_epithelial_cell_differentiation	biological_process
GO:0002088	lens_development_in_camera-type_eye	biological_process
GO:0002092	positive_regulation_of_receptor_internalization	biological_process
GO:0002223	stimulatory_C-type_lectin_receptor_signaling_pathway	biological_process
GO:0002224	toll-like_receptor_signaling_pathway	biological_process
GO:0002244	hematopoietic_progenitor_cell_differentiation	biological_process
GO:0002250	adaptive_immune_response	biological_process
GO:0002252	immune_effector_process	biological_process
GO:0002274	myeloid_leukocyte_activation	biological_process
GO:0002287	alpha-beta_T_cell_activation_involved_in_immune_response	biological_process
GO:0002292	T_cell_differentiation_involved_in_immune_response	biological_process
GO:0002312	B_cell_activation_involved_in_immune_response	biological_process
GO:0002366	leukocyte_activation_involved_in_immune_response	biological_process
GO:0002367	cytokine_production_involved_in_immune_response	biological_process
GO:0002407	dendritic_cell_chemotaxis	biological_process
GO:0002429	immune_response-activating_cell_surface_receptor_signaling_pathway	biological_process
GO:0002437	inflammatory_response_to_antigenic_stimulus	biological_process
GO:0002443	leukocyte_mediated_immunity	biological_process
GO:0002456	T_cell_mediated_immunity	biological_process
GO:0002474	antigen_processing_and_presentation_of_peptide_antigen_via_MHC_class_I	biological_process
GO:0002479	antigen_processing_and_presentation_of_exogenous_peptide_antigen_via_MHC_class_I,_TAP-dependent	biological_process
GO:0002504	antigen_processing_and_presentation_of_peptide_or_polysaccharide_antigen_via_MHC_class_II	biological_process
GO:0002521	leukocyte_differentiation	biological_process
GO:0002532	production_of_molecular_mediator_involved_in_inflammatory_response	biological_process
GO:0002548	monocyte_chemotaxis	biological_process
GO:0002562	somatic_diversification_of_immune_receptors_via_germline_recombination_within_a_single_locus	biological_process
GO:0002573	myeloid_leukocyte_differentiation	biological_process
GO:0002576	platelet_degranulation	biological_process
GO:0002675	positive_regulation_of_acute_inflammatory_response	biological_process
GO:0002683	negative_regulation_of_immune_system_process	biological_process
GO:0002686	negative_regulation_of_leukocyte_migration	biological_process
GO:0002690	positive_regulation_of_leukocyte_chemotaxis	biological_process
GO:0002691	regulation_of_cellular_extravasation	biological_process
GO:0002695	negative_regulation_of_leukocyte_activation	biological_process
GO:0002697	regulation_of_immune_effector_process	biological_process
GO:0002699	positive_regulation_of_immune_effector_process	biological_process
GO:0002702	positive_regulation_of_production_of_molecular_mediator_of_immune_response	biological_process
GO:0002704	negative_regulation_of_leukocyte_mediated_immunity	biological_process
GO:0002712	regulation_of_B_cell_mediated_immunity	biological_process
GO:0002719	negative_regulation_of_cytokine_production_involved_in_immune_response	biological_process
GO:0002726	positive_regulation_of_T_cell_cytokine_production	biological_process
GO:0002739	regulation_of_cytokine_secretion_involved_in_immune_response	biological_process
GO:0002755	MyD88-dependent_toll-like_receptor_signaling_pathway	biological_process
GO:0002757	immune_response-activating_signal_transduction	biological_process
GO:0002758	innate_immune_response-activating_signal_transduction	biological_process
GO:0002761	regulation_of_myeloid_leukocyte_differentiation	biological_process
GO:0002762	negative_regulation_of_myeloid_leukocyte_differentiation	biological_process
GO:0002792	negative_regulation_of_peptide_secretion	biological_process
GO:0002823	negative_regulation_of_adaptive_immune_response_based_on_somatic_recombination_of_immune_receptors_built_from_immunoglobulin_superfamily_domains	biological_process
GO:0002825	regulation_of_T-helper_1_type_immune_response	biological_process
GO:0002830	positive_regulation_of_type_2_immune_response	biological_process
GO:0002833	positive_regulation_of_response_to_biotic_stimulus	biological_process
GO:0002861	regulation_of_inflammatory_response_to_antigenic_stimulus	biological_process
GO:0002888	positive_regulation_of_myeloid_leukocyte_mediated_immunity	biological_process
GO:0002889	regulation_of_immunoglobulin_mediated_immune_response	biological_process
GO:0002922	positive_regulation_of_humoral_immune_response	biological_process
GO:0002931	response_to_ischemia	biological_process
GO:0003006	developmental_process_involved_in_reproduction	biological_process
GO:0003007	heart_morphogenesis	biological_process
GO:0003008	system_process	biological_process
GO:0003009	skeletal_muscle_contraction	biological_process
GO:0003014	renal_system_process	biological_process
GO:0003015	heart_process	biological_process
GO:0003044	regulation_of_systemic_arterial_blood_pressure_mediated_by_a_chemical_signal	biological_process
GO:0003071	renal_system_process_involved_in_regulation_of_systemic_arterial_blood_pressure	biological_process
GO:0003091	renal_water_homeostasis	biological_process
GO:0003148	outflow_tract_septum_morphogenesis	biological_process
GO:0003156	regulation_of_animal_organ_formation	biological_process
GO:0003158	endothelium_development	biological_process
GO:0003177	pulmonary_valve_development	biological_process
GO:0003180	aortic_valve_morphogenesis	biological_process
GO:0003181	atrioventricular_valve_morphogenesis	biological_process
GO:0003203	endocardial_cushion_morphogenesis	biological_process
GO:0003209	cardiac_atrium_morphogenesis	biological_process
GO:0003279	cardiac_septum_development	biological_process
GO:0003300	cardiac_muscle_hypertrophy	biological_process
GO:0003401	axis_elongation	biological_process
GO:0003407	neural_retina_development	biological_process
GO:0005975	carbohydrate_metabolic_process	biological_process
GO:0005977	glycogen_metabolic_process	biological_process
GO:0005979	regulation_of_glycogen_biosynthetic_process	biological_process
GO:0005996	monosaccharide_metabolic_process	biological_process
GO:0006006	glucose_metabolic_process	biological_process
GO:0006024	glycosaminoglycan_biosynthetic_process	biological_process
GO:0006027	glycosaminoglycan_catabolic_process	biological_process
GO:0006029	proteoglycan_metabolic_process	biological_process
GO:0006040	amino_sugar_metabolic_process	biological_process
GO:0006066	alcohol_metabolic_process	biological_process
GO:0006068	ethanol_catabolic_process	biological_process
GO:0006081	cellular_aldehyde_metabolic_process	biological_process
GO:0006091	generation_of_precursor_metabolites_and_energy	biological_process
GO:0006094	gluconeogenesis	biological_process
GO:0006109	regulation_of_carbohydrate_metabolic_process	biological_process
GO:0006119	oxidative_phosphorylation	biological_process
GO:0006139	nucleobase-containing_compound_metabolic_process	biological_process
GO:0006144	purine_nucleobase_metabolic_process	biological_process
GO:0006164	purine_nucleotide_biosynthetic_process	biological_process
GO:0006206	pyrimidine_nucleobase_metabolic_process	biological_process
GO:0006221	pyrimidine_nucleotide_biosynthetic_process	biological_process
GO:0006259	DNA_metabolic_process	biological_process
GO:0006261	DNA-dependent_DNA_replication	biological_process
GO:0006281	DNA_repair	biological_process
GO:0006283	transcription-coupled_nucleotide-excision_repair	biological_process
GO:0006284	base-excision_repair	biological_process
GO:0006303	double-strand_break_repair_via_nonhomologous_end_joining	biological_process
GO:0006306	DNA_methylation	biological_process
GO:0006323	DNA_packaging	biological_process
GO:0006325	chromatin_organization	biological_process
GO:0006333	chromatin_assembly_or_disassembly	biological_process
GO:0006334	nucleosome_assembly	biological_process
GO:0006342	chromatin_silencing	biological_process
GO:0006349	regulation_of_gene_expression_by_genetic_imprinting	biological_process
GO:0006355	regulation_of_transcription,_DNA-templated	biological_process
GO:0006357	regulation_of_transcription_by_RNA_polymerase_II	biological_process
GO:0006366	transcription_by_RNA_polymerase_II	biological_process
GO:0006367	transcription_initiation_from_RNA_polymerase_II_promoter	biological_process
GO:0006396	RNA_processing	biological_process
GO:0006401	RNA_catabolic_process	biological_process
GO:0006413	translational_initiation	biological_process
GO:0006417	regulation_of_translation	biological_process
GO:0006418	tRNA_aminoacylation_for_protein_translation	biological_process
GO:0006446	regulation_of_translational_initiation	biological_process
GO:0006457	protein_folding	biological_process
GO:0006464	cellular_protein_modification_process	biological_process
GO:0006468	protein_phosphorylation	biological_process
GO:0006469	negative_regulation_of_protein_kinase_activity	biological_process
GO:0006471	protein_ADP-ribosylation	biological_process
GO:0006473	protein_acetylation	biological_process
GO:0006475	internal_protein_amino_acid_acetylation	biological_process
GO:0006476	protein_deacetylation	biological_process
GO:0006482	protein_demethylation	biological_process
GO:0006487	protein_N-linked_glycosylation	biological_process
GO:0006497	protein_lipidation	biological_process
GO:0006508	proteolysis	biological_process
GO:0006509	membrane_protein_ectodomain_proteolysis	biological_process
GO:0006511	ubiquitin-dependent_protein_catabolic_process	biological_process
GO:0006518	peptide_metabolic_process	biological_process
GO:0006521	regulation_of_cellular_amino_acid_metabolic_process	biological_process
GO:0006536	glutamate_metabolic_process	biological_process
GO:0006541	glutamine_metabolic_process	biological_process
GO:0006575	cellular_modified_amino_acid_metabolic_process	biological_process
GO:0006586	indolalkylamine_metabolic_process	biological_process
GO:0006595	polyamine_metabolic_process	biological_process
GO:0006606	protein_import_into_nucleus	biological_process
GO:0006625	protein_targeting_to_peroxisome	biological_process
GO:0006629	lipid_metabolic_process	biological_process
GO:0006631	fatty_acid_metabolic_process	biological_process
GO:0006635	fatty_acid_beta-oxidation	biological_process
GO:0006643	membrane_lipid_metabolic_process	biological_process
GO:0006644	phospholipid_metabolic_process	biological_process
GO:0006654	phosphatidic_acid_biosynthetic_process	biological_process
GO:0006656	phosphatidylcholine_biosynthetic_process	biological_process
GO:0006658	phosphatidylserine_metabolic_process	biological_process
GO:0006661	phosphatidylinositol_biosynthetic_process	biological_process
GO:0006687	glycosphingolipid_metabolic_process	biological_process
GO:0006691	leukotriene_metabolic_process	biological_process
GO:0006694	steroid_biosynthetic_process	biological_process
GO:0006695	cholesterol_biosynthetic_process	biological_process
GO:0006706	steroid_catabolic_process	biological_process
GO:0006721	terpenoid_metabolic_process	biological_process
GO:0006730	one-carbon_metabolic_process	biological_process
GO:0006732	coenzyme_metabolic_process	biological_process
GO:0006733	oxidoreduction_coenzyme_metabolic_process	biological_process
GO:0006734	NADH_metabolic_process	biological_process
GO:0006739	NADP_metabolic_process	biological_process
GO:0006749	glutathione_metabolic_process	biological_process
GO:0006757	ATP_generation_from_ADP	biological_process
GO:0006760	folic_acid-containing_compound_metabolic_process	biological_process
GO:0006767	water-soluble_vitamin_metabolic_process	biological_process
GO:0006783	heme_biosynthetic_process	biological_process
GO:0006790	sulfur_compound_metabolic_process	biological_process
GO:0006796	phosphate-containing_compound_metabolic_process	biological_process
GO:0006801	superoxide_metabolic_process	biological_process
GO:0006805	xenobiotic_metabolic_process	biological_process
GO:0006811	ion_transport	biological_process
GO:0006812	cation_transport	biological_process
GO:0006816	calcium_ion_transport	biological_process
GO:0006826	iron_ion_transport	biological_process
GO:0006835	dicarboxylic_acid_transport	biological_process
GO:0006836	neurotransmitter_transport	biological_process
GO:0006855	drug_transmembrane_transport	biological_process
GO:0006869	lipid_transport	biological_process
GO:0006873	cellular_ion_homeostasis	biological_process
GO:0006874	cellular_calcium_ion_homeostasis	biological_process
GO:0006879	cellular_iron_ion_homeostasis	biological_process
GO:0006885	regulation_of_pH	biological_process
GO:0006886	intracellular_protein_transport	biological_process
GO:0006888	endoplasmic_reticulum_to_Golgi_vesicle-mediated_transport	biological_process
GO:0006890	retrograde_vesicle-mediated_transport,_Golgi_to_endoplasmic_reticulum	biological_process
GO:0006897	endocytosis	biological_process
GO:0006898	receptor-mediated_endocytosis	biological_process
GO:0006909	phagocytosis	biological_process
GO:0006915	apoptotic_process	biological_process
GO:0006919	activation_of_cysteine-type_endopeptidase_activity_involved_in_apoptotic_process	biological_process
GO:0006928	movement_of_cell_or_subcellular_component	biological_process
GO:0006935	chemotaxis	biological_process
GO:0006936	muscle_contraction	biological_process
GO:0006937	regulation_of_muscle_contraction	biological_process
GO:0006939	smooth_muscle_contraction	biological_process
GO:0006952	defense_response	biological_process
GO:0006953	acute-phase_response	biological_process
GO:0006954	inflammatory_response	biological_process
GO:0006955	immune_response	biological_process
GO:0006968	cellular_defense_response	biological_process
GO:0006972	hyperosmotic_response	biological_process
GO:0006974	cellular_response_to_DNA_damage_stimulus	biological_process
GO:0006977	DNA_damage_response,_signal_transduction_by_p53_class_mediator_resulting_in_cell_cycle_arrest	biological_process
GO:0006979	response_to_oxidative_stress	biological_process
GO:0006984	ER-nucleus_signaling_pathway	biological_process
GO:0006986	response_to_unfolded_protein	biological_process
GO:0006996	organelle_organization	biological_process
GO:0006998	nuclear_envelope_organization	biological_process
GO:0007005	mitochondrion_organization	biological_process
GO:0007006	mitochondrial_membrane_organization	biological_process
GO:0007009	plasma_membrane_organization	biological_process
GO:0007010	cytoskeleton_organization	biological_process
GO:0007015	actin_filament_organization	biological_process
GO:0007018	microtubule-based_movement	biological_process
GO:0007030	Golgi_organization	biological_process
GO:0007031	peroxisome_organization	biological_process
GO:0007040	lysosome_organization	biological_process
GO:0007041	lysosomal_transport	biological_process
GO:0007043	cell-cell_junction_assembly	biological_process
GO:0007044	cell-substrate_junction_assembly	biological_process
GO:0007050	cell_cycle_arrest	biological_process
GO:0007051	spindle_organization	biological_process
GO:0007059	chromosome_segregation	biological_process
GO:0007088	regulation_of_mitotic_nuclear_division	biological_process
GO:0007098	centrosome_cycle	biological_process
GO:0007127	meiosis_I	biological_process
GO:0007155	cell_adhesion	biological_process
GO:0007157	heterophilic_cell-cell_adhesion_via_plasma_membrane_cell_adhesion_molecules	biological_process
GO:0007160	cell-matrix_adhesion	biological_process
GO:0007165	signal_transduction	biological_process
GO:0007166	cell_surface_receptor_signaling_pathway	biological_process
GO:0007167	enzyme_linked_receptor_protein_signaling_pathway	biological_process
GO:0007169	transmembrane_receptor_protein_tyrosine_kinase_signaling_pathway	biological_process
GO:0007173	epidermal_growth_factor_receptor_signaling_pathway	biological_process
GO:0007179	transforming_growth_factor_beta_receptor_signaling_pathway	biological_process
GO:0007186	G_protein-coupled_receptor_signaling_pathway	biological_process
GO:0007188	adenylate_cyclase-modulating_G_protein-coupled_receptor_signaling_pathway	biological_process
GO:0007189	adenylate_cyclase-activating_G_protein-coupled_receptor_signaling_pathway	biological_process
GO:0007190	activation_of_adenylate_cyclase_activity	biological_process
GO:0007193	adenylate_cyclase-inhibiting_G_protein-coupled_receptor_signaling_pathway	biological_process
GO:0007194	negative_regulation_of_adenylate_cyclase_activity	biological_process
GO:0007200	phospholipase_C-activating_G_protein-coupled_receptor_signaling_pathway	biological_process
GO:0007202	activation_of_phospholipase_C_activity	biological_process
GO:0007204	positive_regulation_of_cytosolic_calcium_ion_concentration	biological_process
GO:0007205	protein_kinase_C-activating_G_protein-coupled_receptor_signaling_pathway	biological_process
GO:0007212	dopamine_receptor_signaling_pathway	biological_process
GO:0007213	G_protein-coupled_acetylcholine_receptor_signaling_pathway	biological_process
GO:0007218	neuropeptide_signaling_pathway	biological_process
GO:0007219	Notch_signaling_pathway	biological_process
GO:0007223	Wnt_signaling_pathway,_calcium_modulating_pathway	biological_process
GO:0007224	smoothened_signaling_pathway	biological_process
GO:0007229	integrin-mediated_signaling_pathway	biological_process
GO:0007249	I-kappaB_kinase/NF-kappaB_signaling	biological_process
GO:0007257	activation_of_JUN_kinase_activity	biological_process
GO:0007259	receptor_signaling_pathway_via_JAK-STAT	biological_process
GO:0007265	Ras_protein_signal_transduction	biological_process
GO:0007266	Rho_protein_signal_transduction	biological_process
GO:0007267	cell-cell_signaling	biological_process
GO:0007268	chemical_synaptic_transmission	biological_process
GO:0007269	neurotransmitter_secretion	biological_process
GO:0007271	synaptic_transmission,_cholinergic	biological_process
GO:0007274	neuromuscular_synaptic_transmission	biological_process
GO:0007276	gamete_generation	biological_process
GO:0007283	spermatogenesis	biological_process
GO:0007286	spermatid_development	biological_process
GO:0007338	single_fertilization	biological_process
GO:0007346	regulation_of_mitotic_cell_cycle	biological_process
GO:0007368	determination_of_left/right_symmetry	biological_process
GO:0007369	gastrulation	biological_process
GO:0007389	pattern_specification_process	biological_process
GO:0007399	nervous_system_development	biological_process
GO:0007411	axon_guidance	biological_process
GO:0007416	synapse_assembly	biological_process
GO:0007417	central_nervous_system_development	biological_process
GO:0007420	brain_development	biological_process
GO:0007422	peripheral_nervous_system_development	biological_process
GO:0007423	sensory_organ_development	biological_process
GO:0007435	salivary_gland_morphogenesis	biological_process
GO:0007498	mesoderm_development	biological_process
GO:0007507	heart_development	biological_process
GO:0007517	muscle_organ_development	biological_process
GO:0007519	skeletal_muscle_tissue_development	biological_process
GO:0007528	neuromuscular_junction_development	biological_process
GO:0007548	sex_differentiation	biological_process
GO:0007565	female_pregnancy	biological_process
GO:0007566	embryo_implantation	biological_process
GO:0007568	aging	biological_process
GO:0007584	response_to_nutrient	biological_process
GO:0007585	respiratory_gaseous_exchange	biological_process
GO:0007586	digestion	biological_process
GO:0007588	excretion	biological_process
GO:0007595	lactation	biological_process
GO:0007596	blood_coagulation	biological_process
GO:0007600	sensory_perception	biological_process
GO:0007601	visual_perception	biological_process
GO:0007605	sensory_perception_of_sound	biological_process
GO:0007610	behavior	biological_process
GO:0007611	learning_or_memory	biological_process
GO:0007612	learning	biological_process
GO:0007613	memory	biological_process
GO:0007616	long-term_memory	biological_process
GO:0007617	mating_behavior	biological_process
GO:0007623	circadian_rhythm	biological_process
GO:0007626	locomotory_behavior	biological_process
GO:0007628	adult_walking_behavior	biological_process
GO:0008015	blood_circulation	biological_process
GO:0008016	regulation_of_heart_contraction	biological_process
GO:0008033	tRNA_processing	biological_process
GO:0008038	neuron_recognition	biological_process
GO:0008064	regulation_of_actin_polymerization_or_depolymerization	biological_process
GO:0008104	protein_localization	biological_process
GO:0008150	biological_process	biological_process
GO:0008202	steroid_metabolic_process	biological_process
GO:0008203	cholesterol_metabolic_process	biological_process
GO:0008206	bile_acid_metabolic_process	biological_process
GO:0008207	C21-steroid_hormone_metabolic_process	biological_process
GO:0008209	androgen_metabolic_process	biological_process
GO:0008210	estrogen_metabolic_process	biological_process
GO:0008211	glucocorticoid_metabolic_process	biological_process
GO:0008214	protein_dealkylation	biological_process
GO:0008217	regulation_of_blood_pressure	biological_process
GO:0008219	cell_death	biological_process
GO:0008277	regulation_of_G_protein-coupled_receptor_signaling_pathway	biological_process
GO:0008283	cell_population_proliferation	biological_process
GO:0008284	positive_regulation_of_cell_population_proliferation	biological_process
GO:0008285	negative_regulation_of_cell_population_proliferation	biological_process
GO:0008286	insulin_receptor_signaling_pathway	biological_process
GO:0008347	glial_cell_migration	biological_process
GO:0008360	regulation_of_cell_shape	biological_process
GO:0008361	regulation_of_cell_size	biological_process
GO:0008542	visual_learning	biological_process
GO:0008543	fibroblast_growth_factor_receptor_signaling_pathway	biological_process
GO:0008584	male_gonad_development	biological_process
GO:0008589	regulation_of_smoothened_signaling_pathway	biological_process
GO:0008610	lipid_biosynthetic_process	biological_process
GO:0008625	extrinsic_apoptotic_signaling_pathway_via_death_domain_receptors	biological_process
GO:0008637	apoptotic_mitochondrial_changes	biological_process
GO:0009057	macromolecule_catabolic_process	biological_process
GO:0009060	aerobic_respiration	biological_process
GO:0009063	cellular_amino_acid_catabolic_process	biological_process
GO:0009065	glutamine_family_amino_acid_catabolic_process	biological_process
GO:0009066	aspartate_family_amino_acid_metabolic_process	biological_process
GO:0009074	aromatic_amino_acid_family_catabolic_process	biological_process
GO:0009117	nucleotide_metabolic_process	biological_process
GO:0009119	ribonucleoside_metabolic_process	biological_process
GO:0009126	purine_nucleoside_monophosphate_metabolic_process	biological_process
GO:0009130	pyrimidine_nucleoside_monophosphate_biosynthetic_process	biological_process
GO:0009135	purine_nucleoside_diphosphate_metabolic_process	biological_process
GO:0009142	nucleoside_triphosphate_biosynthetic_process	biological_process
GO:0009150	purine_ribonucleotide_metabolic_process	biological_process
GO:0009152	purine_ribonucleotide_biosynthetic_process	biological_process
GO:0009154	purine_ribonucleotide_catabolic_process	biological_process
GO:0009162	deoxyribonucleoside_monophosphate_metabolic_process	biological_process
GO:0009168	purine_ribonucleoside_monophosphate_biosynthetic_process	biological_process
GO:0009179	purine_ribonucleoside_diphosphate_metabolic_process	biological_process
GO:0009185	ribonucleoside_diphosphate_metabolic_process	biological_process
GO:0009205	purine_ribonucleoside_triphosphate_metabolic_process	biological_process
GO:0009214	cyclic_nucleotide_catabolic_process	biological_process
GO:0009218	pyrimidine_ribonucleotide_metabolic_process	biological_process
GO:0009251	glucan_catabolic_process	biological_process
GO:0009260	ribonucleotide_biosynthetic_process	biological_process
GO:0009266	response_to_temperature_stimulus	biological_process
GO:0009267	cellular_response_to_starvation	biological_process
GO:0009299	mRNA_transcription	biological_process
GO:0009309	amine_biosynthetic_process	biological_process
GO:0009311	oligosaccharide_metabolic_process	biological_process
GO:0009314	response_to_radiation	biological_process
GO:0009394	2'-deoxyribonucleotide_metabolic_process	biological_process
GO:0009404	toxin_metabolic_process	biological_process
GO:0009409	response_to_cold	biological_process
GO:0009410	response_to_xenobiotic_stimulus	biological_process
GO:0009416	response_to_light_stimulus	biological_process
GO:0009451	RNA_modification	biological_process
GO:0009583	detection_of_light_stimulus	biological_process
GO:0009607	response_to_biotic_stimulus	biological_process
GO:0009611	response_to_wounding	biological_process
GO:0009612	response_to_mechanical_stimulus	biological_process
GO:0009615	response_to_virus	biological_process
GO:0009617	response_to_bacterium	biological_process
GO:0009620	response_to_fungus	biological_process
GO:0009628	response_to_abiotic_stimulus	biological_process
GO:0009636	response_to_toxic_substance	biological_process
GO:0009651	response_to_salt_stress	biological_process
GO:0009653	anatomical_structure_morphogenesis	biological_process
GO:0009712	catechol-containing_compound_metabolic_process	biological_process
GO:0009725	response_to_hormone	biological_process
GO:0009746	response_to_hexose	biological_process
GO:0009790	embryo_development	biological_process
GO:0009791	post-embryonic_development	biological_process
GO:0009799	specification_of_symmetry	biological_process
GO:0009812	flavonoid_metabolic_process	biological_process
GO:0009855	determination_of_bilateral_symmetry	biological_process
GO:0009880	embryonic_pattern_specification	biological_process
GO:0009887	animal_organ_morphogenesis	biological_process
GO:0009888	tissue_development	biological_process
GO:0009894	regulation_of_catabolic_process	biological_process
GO:0009913	epidermal_cell_differentiation	biological_process
GO:0009914	hormone_transport	biological_process
GO:0009948	anterior/posterior_axis_specification	biological_process
GO:0009953	dorsal/ventral_pattern_formation	biological_process
GO:0009968	negative_regulation_of_signal_transduction	biological_process
GO:0009988	cell-cell_recognition	biological_process
GO:0010001	glial_cell_differentiation	biological_process
GO:0010035	response_to_inorganic_substance	biological_process
GO:0010038	response_to_metal_ion	biological_process
GO:0010039	response_to_iron_ion	biological_process
GO:0010042	response_to_manganese_ion	biological_process
GO:0010043	response_to_zinc_ion	biological_process
GO:0010165	response_to_X-ray	biological_process
GO:0010171	body_morphogenesis	biological_process
GO:0010212	response_to_ionizing_radiation	biological_process
GO:0010226	response_to_lithium_ion	biological_process
GO:0010256	endomembrane_system_organization	biological_process
GO:0010259	multicellular_organism_aging	biological_process
GO:0010288	response_to_lead_ion	biological_process
GO:0010447	response_to_acidic_pH	biological_process
GO:0010453	regulation_of_cell_fate_commitment	biological_process
GO:0010460	positive_regulation_of_heart_rate	biological_process
GO:0010467	gene_expression	biological_process
GO:0010468	regulation_of_gene_expression	biological_process
GO:0010469	regulation_of_signaling_receptor_activity	biological_process
GO:0010470	regulation_of_gastrulation	biological_process
GO:0010506	regulation_of_autophagy	biological_process
GO:0010507	negative_regulation_of_autophagy	biological_process
GO:0010517	regulation_of_phospholipase_activity	biological_process
GO:0010523	negative_regulation_of_calcium_ion_transport_into_cytosol	biological_process
GO:0010543	regulation_of_platelet_activation	biological_process
GO:0010557	positive_regulation_of_macromolecule_biosynthetic_process	biological_process
GO:0010559	regulation_of_glycoprotein_biosynthetic_process	biological_process
GO:0010564	regulation_of_cell_cycle_process	biological_process
GO:0010565	regulation_of_cellular_ketone_metabolic_process	biological_process
GO:0010569	regulation_of_double-strand_break_repair_via_homologous_recombination	biological_process
GO:0010575	positive_regulation_of_vascular_endothelial_growth_factor_production	biological_process
GO:0010591	regulation_of_lamellipodium_assembly	biological_process
GO:0010595	positive_regulation_of_endothelial_cell_migration	biological_process
GO:0010605	negative_regulation_of_macromolecule_metabolic_process	biological_process
GO:0010608	posttranscriptional_regulation_of_gene_expression	biological_process
GO:0010613	positive_regulation_of_cardiac_muscle_hypertrophy	biological_process
GO:0010614	negative_regulation_of_cardiac_muscle_hypertrophy	biological_process
GO:0010628	positive_regulation_of_gene_expression	biological_process
GO:0010629	negative_regulation_of_gene_expression	biological_process
GO:0010632	regulation_of_epithelial_cell_migration	biological_process
GO:0010638	positive_regulation_of_organelle_organization	biological_process
GO:0010639	negative_regulation_of_organelle_organization	biological_process
GO:0010648	negative_regulation_of_cell_communication	biological_process
GO:0010661	positive_regulation_of_muscle_cell_apoptotic_process	biological_process
GO:0010666	positive_regulation_of_cardiac_muscle_cell_apoptotic_process	biological_process
GO:0010667	negative_regulation_of_cardiac_muscle_cell_apoptotic_process	biological_process
GO:0010677	negative_regulation_of_cellular_carbohydrate_metabolic_process	biological_process
GO:0010712	regulation_of_collagen_metabolic_process	biological_process
GO:0010718	positive_regulation_of_epithelial_to_mesenchymal_transition	biological_process
GO:0010721	negative_regulation_of_cell_development	biological_process
GO:0010738	regulation_of_protein_kinase_A_signaling	biological_process
GO:0010744	positive_regulation_of_macrophage_derived_foam_cell_differentiation	biological_process
GO:0010759	positive_regulation_of_macrophage_chemotaxis	biological_process
GO:0010762	regulation_of_fibroblast_migration	biological_process
GO:0010765	positive_regulation_of_sodium_ion_transport	biological_process
GO:0010769	regulation_of_cell_morphogenesis_involved_in_differentiation	biological_process
GO:0010800	positive_regulation_of_peptidyl-threonine_phosphorylation	biological_process
GO:0010803	regulation_of_tumor_necrosis_factor-mediated_signaling_pathway	biological_process
GO:0010810	regulation_of_cell-substrate_adhesion	biological_process
GO:0010817	regulation_of_hormone_levels	biological_process
GO:0010822	positive_regulation_of_mitochondrion_organization	biological_process
GO:0010823	negative_regulation_of_mitochondrion_organization	biological_process
GO:0010830	regulation_of_myotube_differentiation	biological_process
GO:0010837	regulation_of_keratinocyte_proliferation	biological_process
GO:0010862	positive_regulation_of_pathway-restricted_SMAD_protein_phosphorylation	biological_process
GO:0010869	regulation_of_receptor_biosynthetic_process	biological_process
GO:0010874	regulation_of_cholesterol_efflux	biological_process
GO:0010880	regulation_of_release_of_sequestered_calcium_ion_into_cytosol_by_sarcoplasmic_reticulum	biological_process
GO:0010882	regulation_of_cardiac_muscle_contraction_by_calcium_ion_signaling	biological_process
GO:0010884	positive_regulation_of_lipid_storage	biological_process
GO:0010885	regulation_of_cholesterol_storage	biological_process
GO:0010888	negative_regulation_of_lipid_storage	biological_process
GO:0010893	positive_regulation_of_steroid_biosynthetic_process	biological_process
GO:0010906	regulation_of_glucose_metabolic_process	biological_process
GO:0010921	regulation_of_phosphatase_activity	biological_process
GO:0010927	cellular_component_assembly_involved_in_morphogenesis	biological_process
GO:0010939	regulation_of_necrotic_cell_death	biological_process
GO:0010941	regulation_of_cell_death	biological_process
GO:0010951	negative_regulation_of_endopeptidase_activity	biological_process
GO:0010959	regulation_of_metal_ion_transport	biological_process
GO:0010971	positive_regulation_of_G2/M_transition_of_mitotic_cell_cycle	biological_process
GO:0010972	negative_regulation_of_G2/M_transition_of_mitotic_cell_cycle	biological_process
GO:0010975	regulation_of_neuron_projection_development	biological_process
GO:0010976	positive_regulation_of_neuron_projection_development	biological_process
GO:0014003	oligodendrocyte_development	biological_process
GO:0014013	regulation_of_gliogenesis	biological_process
GO:0014031	mesenchymal_cell_development	biological_process
GO:0014048	regulation_of_glutamate_secretion	biological_process
GO:0014059	regulation_of_dopamine_secretion	biological_process
GO:0014061	regulation_of_norepinephrine_secretion	biological_process
GO:0014065	phosphatidylinositol_3-kinase_signaling	biological_process
GO:0014068	positive_regulation_of_phosphatidylinositol_3-kinase_signaling	biological_process
GO:0014070	response_to_organic_cyclic_compound	biological_process
GO:0014074	response_to_purine-containing_compound	biological_process
GO:0014706	striated_muscle_tissue_development	biological_process
GO:0014743	regulation_of_muscle_hypertrophy	biological_process
GO:0014823	response_to_activity	biological_process
GO:0014902	myotube_differentiation	biological_process
GO:0014911	positive_regulation_of_smooth_muscle_cell_migration	biological_process
GO:0014912	negative_regulation_of_smooth_muscle_cell_migration	biological_process
GO:0015031	protein_transport	biological_process
GO:0015672	monovalent_inorganic_cation_transport	biological_process
GO:0015695	organic_cation_transport	biological_process
GO:0015696	ammonium_transport	biological_process
GO:0015701	bicarbonate_transport	biological_process
GO:0015711	organic_anion_transport	biological_process
GO:0015721	bile_acid_and_bile_salt_transport	biological_process
GO:0015800	acidic_amino_acid_transport	biological_process
GO:0015850	organic_hydroxy_compound_transport	biological_process
GO:0015908	fatty_acid_transport	biological_process
GO:0015909	long-chain_fatty_acid_transport	biological_process
GO:0015914	phospholipid_transport	biological_process
GO:0015949	nucleobase-containing_small_molecule_interconversion	biological_process
GO:0015980	energy_derivation_by_oxidation_of_organic_compounds	biological_process
GO:0016032	viral_process	biological_process
GO:0016042	lipid_catabolic_process	biological_process
GO:0016049	cell_growth	biological_process
GO:0016050	vesicle_organization	biological_process
GO:0016051	carbohydrate_biosynthetic_process	biological_process
GO:0016052	carbohydrate_catabolic_process	biological_process
GO:0016055	Wnt_signaling_pathway	biological_process
GO:0016064	immunoglobulin_mediated_immune_response	biological_process
GO:0016070	RNA_metabolic_process	biological_process
GO:0016137	glycoside_metabolic_process	biological_process
GO:0016192	vesicle-mediated_transport	biological_process
GO:0016236	macroautophagy	biological_process
GO:0016239	positive_regulation_of_macroautophagy	biological_process
GO:0016266	O-glycan_processing	biological_process
GO:0016310	phosphorylation	biological_process
GO:0016311	dephosphorylation	biological_process
GO:0016331	morphogenesis_of_embryonic_epithelium	biological_process
GO:0016445	somatic_diversification_of_immunoglobulins	biological_process
GO:0016477	cell_migration	biological_process
GO:0016482	cytosolic_transport	biological_process
GO:0016485	protein_processing	biological_process
GO:0016525	negative_regulation_of_angiogenesis	biological_process
GO:0016540	protein_autoprocessing	biological_process
GO:0016567	protein_ubiquitination	biological_process
GO:0016570	histone_modification	biological_process
GO:0016579	protein_deubiquitination	biological_process
GO:0016925	protein_sumoylation	biological_process
GO:0016999	antibiotic_metabolic_process	biological_process
GO:0017085	response_to_insecticide	biological_process
GO:0017144	drug_metabolic_process	biological_process
GO:0017148	negative_regulation_of_translation	biological_process
GO:0017156	calcium_ion_regulated_exocytosis	biological_process
GO:0017157	regulation_of_exocytosis	biological_process
GO:0018027	peptidyl-lysine_dimethylation	biological_process
GO:0018105	peptidyl-serine_phosphorylation	biological_process
GO:0018107	peptidyl-threonine_phosphorylation	biological_process
GO:0018108	peptidyl-tyrosine_phosphorylation	biological_process
GO:0018193	peptidyl-amino_acid_modification	biological_process
GO:0018195	peptidyl-arginine_modification	biological_process
GO:0018205	peptidyl-lysine_modification	biological_process
GO:0018393	internal_peptidyl-lysine_acetylation	biological_process
GO:0018394	peptidyl-lysine_acetylation	biological_process
GO:0018958	phenol-containing_compound_metabolic_process	biological_process
GO:0019048	modulation_by_virus_of_host_morphology_or_physiology	biological_process
GO:0019079	viral_genome_replication	biological_process
GO:0019216	regulation_of_lipid_metabolic_process	biological_process
GO:0019218	regulation_of_steroid_metabolic_process	biological_process
GO:0019219	regulation_of_nucleobase-containing_compound_metabolic_process	biological_process
GO:0019221	cytokine-mediated_signaling_pathway	biological_process
GO:0019228	neuronal_action_potential	biological_process
GO:0019233	sensory_perception_of_pain	biological_process
GO:0019320	hexose_catabolic_process	biological_process
GO:0019359	nicotinamide_nucleotide_biosynthetic_process	biological_process
GO:0019371	cyclooxygenase_pathway	biological_process
GO:0019372	lipoxygenase_pathway	biological_process
GO:0019373	epoxygenase_P450_pathway	biological_process
GO:0019377	glycolipid_catabolic_process	biological_process
GO:0019400	alditol_metabolic_process	biological_process
GO:0019433	triglyceride_catabolic_process	biological_process
GO:0019438	aromatic_compound_biosynthetic_process	biological_process
GO:0019637	organophosphate_metabolic_process	biological_process
GO:0019674	NAD_metabolic_process	biological_process
GO:0019722	calcium-mediated_signaling	biological_process
GO:0019730	antimicrobial_humoral_response	biological_process
GO:0019752	carboxylic_acid_metabolic_process	biological_process
GO:0019884	antigen_processing_and_presentation_of_exogenous_antigen	biological_process
GO:0019886	antigen_processing_and_presentation_of_exogenous_peptide_antigen_via_MHC_class_II	biological_process
GO:0019915	lipid_storage	biological_process
GO:0019932	second-messenger-mediated_signaling	biological_process
GO:0019941	modification-dependent_protein_catabolic_process	biological_process
GO:0019953	sexual_reproduction	biological_process
GO:0019985	translesion_synthesis	biological_process
GO:0021510	spinal_cord_development	biological_process
GO:0021537	telencephalon_development	biological_process
GO:0021545	cranial_nerve_development	biological_process
GO:0021587	cerebellum_morphogenesis	biological_process
GO:0021695	cerebellar_cortex_development	biological_process
GO:0021762	substantia_nigra_development	biological_process
GO:0021766	hippocampus_development	biological_process
GO:0021795	cerebral_cortex_cell_migration	biological_process
GO:0021872	forebrain_generation_of_neurons	biological_process
GO:0021953	central_nervous_system_neuron_differentiation	biological_process
GO:0021955	central_nervous_system_neuron_axonogenesis	biological_process
GO:0021983	pituitary_gland_development	biological_process
GO:0022011	myelination_in_peripheral_nervous_system	biological_process
GO:0022037	metencephalon_development	biological_process
GO:0022400	regulation_of_rhodopsin_mediated_signaling_pathway	biological_process
GO:0022402	cell_cycle_process	biological_process
GO:0022408	negative_regulation_of_cell-cell_adhesion	biological_process
GO:0022409	positive_regulation_of_cell-cell_adhesion	biological_process
GO:0022411	cellular_component_disassembly	biological_process
GO:0022412	cellular_process_involved_in_reproduction_in_multicellular_organism	biological_process
GO:0022602	ovulation_cycle_process	biological_process
GO:0022603	regulation_of_anatomical_structure_morphogenesis	biological_process
GO:0022604	regulation_of_cell_morphogenesis	biological_process
GO:0022607	cellular_component_assembly	biological_process
GO:0022617	extracellular_matrix_disassembly	biological_process
GO:0022618	ribonucleoprotein_complex_assembly	biological_process
GO:0022898	regulation_of_transmembrane_transporter_activity	biological_process
GO:0022900	electron_transport_chain	biological_process
GO:0022904	respiratory_electron_transport_chain	biological_process
GO:0023057	negative_regulation_of_signaling	biological_process
GO:0023058	adaptation_of_signaling_pathway	biological_process
GO:0023061	signal_release	biological_process
GO:0030001	metal_ion_transport	biological_process
GO:0030010	establishment_of_cell_polarity	biological_process
GO:0030031	cell_projection_assembly	biological_process
GO:0030036	actin_cytoskeleton_organization	biological_process
GO:0030071	regulation_of_mitotic_metaphase/anaphase_transition	biological_process
GO:0030073	insulin_secretion	biological_process
GO:0030097	hemopoiesis	biological_process
GO:0030098	lymphocyte_differentiation	biological_process
GO:0030099	myeloid_cell_differentiation	biological_process
GO:0030101	natural_killer_cell_activation	biological_process
GO:0030104	water_homeostasis	biological_process
GO:0030155	regulation_of_cell_adhesion	biological_process
GO:0030162	regulation_of_proteolysis	biological_process
GO:0030163	protein_catabolic_process	biological_process
GO:0030168	platelet_activation	biological_process
GO:0030182	neuron_differentiation	biological_process
GO:0030183	B_cell_differentiation	biological_process
GO:0030194	positive_regulation_of_blood_coagulation	biological_process
GO:0030195	negative_regulation_of_blood_coagulation	biological_process
GO:0030198	extracellular_matrix_organization	biological_process
GO:0030212	hyaluronan_metabolic_process	biological_process
GO:0030217	T_cell_differentiation	biological_process
GO:0030218	erythrocyte_differentiation	biological_process
GO:0030225	macrophage_differentiation	biological_process
GO:0030258	lipid_modification	biological_process
GO:0030278	regulation_of_ossification	biological_process
GO:0030282	bone_mineralization	biological_process
GO:0030301	cholesterol_transport	biological_process
GO:0030307	positive_regulation_of_cell_growth	biological_process
GO:0030308	negative_regulation_of_cell_growth	biological_process
GO:0030316	osteoclast_differentiation	biological_process
GO:0030324	lung_development	biological_process
GO:0030334	regulation_of_cell_migration	biological_process
GO:0030335	positive_regulation_of_cell_migration	biological_process
GO:0030336	negative_regulation_of_cell_migration	biological_process
GO:0030449	regulation_of_complement_activation	biological_process
GO:0030501	positive_regulation_of_bone_mineralization	biological_process
GO:0030509	BMP_signaling_pathway	biological_process
GO:0030512	negative_regulation_of_transforming_growth_factor_beta_receptor_signaling_pathway	biological_process
GO:0030513	positive_regulation_of_BMP_signaling_pathway	biological_process
GO:0030514	negative_regulation_of_BMP_signaling_pathway	biological_process
GO:0030521	androgen_receptor_signaling_pathway	biological_process
GO:0030522	intracellular_receptor_signaling_pathway	biological_process
GO:0030534	adult_behavior	biological_process
GO:0030539	male_genitalia_development	biological_process
GO:0030574	collagen_catabolic_process	biological_process
GO:0030593	neutrophil_chemotaxis	biological_process
GO:0030595	leukocyte_chemotaxis	biological_process
GO:0030728	ovulation	biological_process
GO:0030832	regulation_of_actin_filament_length	biological_process
GO:0030838	positive_regulation_of_actin_filament_polymerization	biological_process
GO:0030850	prostate_gland_development	biological_process
GO:0030855	epithelial_cell_differentiation	biological_process
GO:0030856	regulation_of_epithelial_cell_differentiation	biological_process
GO:0030857	negative_regulation_of_epithelial_cell_differentiation	biological_process
GO:0030865	cortical_cytoskeleton_organization	biological_process
GO:0030879	mammary_gland_development	biological_process
GO:0030890	positive_regulation_of_B_cell_proliferation	biological_process
GO:0030900	forebrain_development	biological_process
GO:0030949	positive_regulation_of_vascular_endothelial_growth_factor_receptor_signaling_pathway	biological_process
GO:0031000	response_to_caffeine	biological_process
GO:0031018	endocrine_pancreas_development	biological_process
GO:0031032	actomyosin_structure_organization	biological_process
GO:0031047	gene_silencing_by_RNA	biological_process
GO:0031057	negative_regulation_of_histone_modification	biological_process
GO:0031062	positive_regulation_of_histone_methylation	biological_process
GO:0031063	regulation_of_histone_deacetylation	biological_process
GO:0031099	regeneration	biological_process
GO:0031103	axon_regeneration	biological_process
GO:0031111	negative_regulation_of_microtubule_polymerization_or_depolymerization	biological_process
GO:0031116	positive_regulation_of_microtubule_polymerization	biological_process
GO:0031128	developmental_induction	biological_process
GO:0031145	anaphase-promoting_complex-dependent_catabolic_process	biological_process
GO:0031146	SCF-dependent_proteasomal_ubiquitin-dependent_protein_catabolic_process	biological_process
GO:0031175	neuron_projection_development	biological_process
GO:0031281	positive_regulation_of_cyclase_activity	biological_process
GO:0031293	membrane_protein_intracellular_domain_proteolysis	biological_process
GO:0031295	T_cell_costimulation	biological_process
GO:0031327	negative_regulation_of_cellular_biosynthetic_process	biological_process
GO:0031328	positive_regulation_of_cellular_biosynthetic_process	biological_process
GO:0031329	regulation_of_cellular_catabolic_process	biological_process
GO:0031330	negative_regulation_of_cellular_catabolic_process	biological_process
GO:0031331	positive_regulation_of_cellular_catabolic_process	biological_process
GO:0031334	positive_regulation_of_protein_complex_assembly	biological_process
GO:0031345	negative_regulation_of_cell_projection_organization	biological_process
GO:0031347	regulation_of_defense_response	biological_process
GO:0031349	positive_regulation_of_defense_response	biological_process
GO:0031365	N-terminal_protein_amino_acid_modification	biological_process
GO:0031397	negative_regulation_of_protein_ubiquitination	biological_process
GO:0031398	positive_regulation_of_protein_ubiquitination	biological_process
GO:0031400	negative_regulation_of_protein_modification_process	biological_process
GO:0031503	protein-containing_complex_localization	biological_process
GO:0031532	actin_cytoskeleton_reorganization	biological_process
GO:0031571	mitotic_G1_DNA_damage_checkpoint	biological_process
GO:0031572	G2_DNA_damage_checkpoint	biological_process
GO:0031623	receptor_internalization	biological_process
GO:0031638	zymogen_activation	biological_process
GO:0031641	regulation_of_myelination	biological_process
GO:0031644	regulation_of_neurological_system_process	biological_process
GO:0031645	negative_regulation_of_neurological_system_process	biological_process
GO:0031647	regulation_of_protein_stability	biological_process
GO:0031648	protein_destabilization	biological_process
GO:0031663	lipopolysaccharide-mediated_signaling_pathway	biological_process
GO:0031667	response_to_nutrient_levels	biological_process
GO:0031669	cellular_response_to_nutrient_levels	biological_process
GO:0031954	positive_regulation_of_protein_autophosphorylation	biological_process
GO:0031998	regulation_of_fatty_acid_beta-oxidation	biological_process
GO:0032007	negative_regulation_of_TOR_signaling	biological_process
GO:0032026	response_to_magnesium_ion	biological_process
GO:0032088	negative_regulation_of_NF-kappaB_transcription_factor_activity	biological_process
GO:0032091	negative_regulation_of_protein_binding	biological_process
GO:0032092	positive_regulation_of_protein_binding	biological_process
GO:0032094	response_to_food	biological_process
GO:0032101	regulation_of_response_to_external_stimulus	biological_process
GO:0032102	negative_regulation_of_response_to_external_stimulus	biological_process
GO:0032103	positive_regulation_of_response_to_external_stimulus	biological_process
GO:0032147	activation_of_protein_kinase_activity	biological_process
GO:0032148	activation_of_protein_kinase_B_activity	biological_process
GO:0032205	negative_regulation_of_telomere_maintenance	biological_process
GO:0032212	positive_regulation_of_telomere_maintenance_via_telomerase	biological_process
GO:0032228	regulation_of_synaptic_transmission,_GABAergic	biological_process
GO:0032259	methylation	biological_process
GO:0032269	negative_regulation_of_cellular_protein_metabolic_process	biological_process
GO:0032305	positive_regulation_of_icosanoid_secretion	biological_process
GO:0032330	regulation_of_chondrocyte_differentiation	biological_process
GO:0032350	regulation_of_hormone_metabolic_process	biological_process
GO:0032354	response_to_follicle-stimulating_hormone	biological_process
GO:0032355	response_to_estradiol	biological_process
GO:0032365	intracellular_lipid_transport	biological_process
GO:0032369	negative_regulation_of_lipid_transport	biological_process
GO:0032376	positive_regulation_of_cholesterol_transport	biological_process
GO:0032386	regulation_of_intracellular_transport	biological_process
GO:0032387	negative_regulation_of_intracellular_transport	biological_process
GO:0032410	negative_regulation_of_transporter_activity	biological_process
GO:0032411	positive_regulation_of_transporter_activity	biological_process
GO:0032435	negative_regulation_of_proteasomal_ubiquitin-dependent_protein_catabolic_process	biological_process
GO:0032436	positive_regulation_of_proteasomal_ubiquitin-dependent_protein_catabolic_process	biological_process
GO:0032460	negative_regulation_of_protein_oligomerization	biological_process
GO:0032461	positive_regulation_of_protein_oligomerization	biological_process
GO:0032462	regulation_of_protein_homooligomerization	biological_process
GO:0032467	positive_regulation_of_cytokinesis	biological_process
GO:0032469	endoplasmic_reticulum_calcium_ion_homeostasis	biological_process
GO:0032495	response_to_muramyl_dipeptide	biological_process
GO:0032496	response_to_lipopolysaccharide	biological_process
GO:0032508	DNA_duplex_unwinding	biological_process
GO:0032515	negative_regulation_of_phosphoprotein_phosphatase_activity	biological_process
GO:0032516	positive_regulation_of_phosphoprotein_phosphatase_activity	biological_process
GO:0032570	response_to_progesterone	biological_process
GO:0032651	regulation_of_interleukin-1_beta_production	biological_process
GO:0032656	regulation_of_interleukin-13_production	biological_process
GO:0032674	regulation_of_interleukin-5_production	biological_process
GO:0032675	regulation_of_interleukin-6_production	biological_process
GO:0032682	negative_regulation_of_chemokine_production	biological_process
GO:0032689	negative_regulation_of_interferon-gamma_production	biological_process
GO:0032692	negative_regulation_of_interleukin-1_production	biological_process
GO:0032715	negative_regulation_of_interleukin-6_production	biological_process
GO:0032720	negative_regulation_of_tumor_necrosis_factor_production	biological_process
GO:0032722	positive_regulation_of_chemokine_production	biological_process
GO:0032727	positive_regulation_of_interferon-alpha_production	biological_process
GO:0032728	positive_regulation_of_interferon-beta_production	biological_process
GO:0032729	positive_regulation_of_interferon-gamma_production	biological_process
GO:0032733	positive_regulation_of_interleukin-10_production	biological_process
GO:0032735	positive_regulation_of_interleukin-12_production	biological_process
GO:0032740	positive_regulation_of_interleukin-17_production	biological_process
GO:0032753	positive_regulation_of_interleukin-4_production	biological_process
GO:0032757	positive_regulation_of_interleukin-8_production	biological_process
GO:0032760	positive_regulation_of_tumor_necrosis_factor_production	biological_process
GO:0032787	monocarboxylic_acid_metabolic_process	biological_process
GO:0032793	positive_regulation_of_CREB_transcription_factor_activity	biological_process
GO:0032869	cellular_response_to_insulin_stimulus	biological_process
GO:0032870	cellular_response_to_hormone_stimulus	biological_process
GO:0032872	regulation_of_stress-activated_MAPK_cascade	biological_process
GO:0032891	negative_regulation_of_organic_acid_transport	biological_process
GO:0032922	circadian_regulation_of_gene_expression	biological_process
GO:0032924	activin_receptor_signaling_pathway	biological_process
GO:0032930	positive_regulation_of_superoxide_anion_generation	biological_process
GO:0032940	secretion_by_cell	biological_process
GO:0032945	negative_regulation_of_mononuclear_cell_proliferation	biological_process
GO:0032967	positive_regulation_of_collagen_biosynthetic_process	biological_process
GO:0032970	regulation_of_actin_filament-based_process	biological_process
GO:0033003	regulation_of_mast_cell_activation	biological_process
GO:0033014	tetrapyrrole_biosynthetic_process	biological_process
GO:0033033	negative_regulation_of_myeloid_cell_apoptotic_process	biological_process
GO:0033043	regulation_of_organelle_organization	biological_process
GO:0033044	regulation_of_chromosome_organization	biological_process
GO:0033081	regulation_of_T_cell_differentiation_in_thymus	biological_process
GO:0033138	positive_regulation_of_peptidyl-serine_phosphorylation	biological_process
GO:0033146	regulation_of_intracellular_estrogen_receptor_signaling_pathway	biological_process
GO:0033189	response_to_vitamin_A	biological_process
GO:0033209	tumor_necrosis_factor-mediated_signaling_pathway	biological_process
GO:0033273	response_to_vitamin	biological_process
GO:0033280	response_to_vitamin_D	biological_process
GO:0033365	protein_localization_to_organelle	biological_process
GO:0033500	carbohydrate_homeostasis	biological_process
GO:0033554	cellular_response_to_stress	biological_process
GO:0033574	response_to_testosterone	biological_process
GO:0033604	negative_regulation_of_catecholamine_secretion	biological_process
GO:0033627	cell_adhesion_mediated_by_integrin	biological_process
GO:0033628	regulation_of_cell_adhesion_mediated_by_integrin	biological_process
GO:0033688	regulation_of_osteoblast_proliferation	biological_process
GO:0033692	cellular_polysaccharide_biosynthetic_process	biological_process
GO:0033993	response_to_lipid	biological_process
GO:0034030	ribonucleoside_bisphosphate_biosynthetic_process	biological_process
GO:0034033	purine_nucleoside_bisphosphate_biosynthetic_process	biological_process
GO:0034097	response_to_cytokine	biological_process
GO:0034104	negative_regulation_of_tissue_remodeling	biological_process
GO:0034105	positive_regulation_of_tissue_remodeling	biological_process
GO:0034110	regulation_of_homotypic_cell-cell_adhesion	biological_process
GO:0034113	heterotypic_cell-cell_adhesion	biological_process
GO:0034114	regulation_of_heterotypic_cell-cell_adhesion	biological_process
GO:0034122	negative_regulation_of_toll-like_receptor_signaling_pathway	biological_process
GO:0034123	positive_regulation_of_toll-like_receptor_signaling_pathway	biological_process
GO:0034142	toll-like_receptor_4_signaling_pathway	biological_process
GO:0034162	toll-like_receptor_9_signaling_pathway	biological_process
GO:0034198	cellular_response_to_amino_acid_starvation	biological_process
GO:0034220	ion_transmembrane_transport	biological_process
GO:0034260	negative_regulation_of_GTPase_activity	biological_process
GO:0034312	diol_biosynthetic_process	biological_process
GO:0034330	cell_junction_organization	biological_process
GO:0034333	adherens_junction_assembly	biological_process
GO:0034369	plasma_lipoprotein_particle_remodeling	biological_process
GO:0034377	plasma_lipoprotein_particle_assembly	biological_process
GO:0034383	low-density_lipoprotein_particle_clearance	biological_process
GO:0034391	regulation_of_smooth_muscle_cell_apoptotic_process	biological_process
GO:0034401	chromatin_organization_involved_in_regulation_of_transcription	biological_process
GO:0034405	response_to_fluid_shear_stress	biological_process
GO:0034440	lipid_oxidation	biological_process
GO:0034446	substrate_adhesion-dependent_cell_spreading	biological_process
GO:0034502	protein_localization_to_chromosome	biological_process
GO:0034599	cellular_response_to_oxidative_stress	biological_process
GO:0034605	cellular_response_to_heat	biological_process
GO:0034613	cellular_protein_localization	biological_process
GO:0034614	cellular_response_to_reactive_oxygen_species	biological_process
GO:0034620	cellular_response_to_unfolded_protein	biological_process
GO:0034622	cellular_protein-containing_complex_assembly	biological_process
GO:0034644	cellular_response_to_UV	biological_process
GO:0034645	cellular_macromolecule_biosynthetic_process	biological_process
GO:0034654	nucleobase-containing_compound_biosynthetic_process	biological_process
GO:0034655	nucleobase-containing_compound_catabolic_process	biological_process
GO:0034656	nucleobase-containing_small_molecule_catabolic_process	biological_process
GO:0034754	cellular_hormone_metabolic_process	biological_process
GO:0034762	regulation_of_transmembrane_transport	biological_process
GO:0034765	regulation_of_ion_transmembrane_transport	biological_process
GO:0034976	response_to_endoplasmic_reticulum_stress	biological_process
GO:0035019	somatic_stem_cell_population_maintenance	biological_process
GO:0035023	regulation_of_Rho_protein_signal_transduction	biological_process
GO:0035050	embryonic_heart_tube_development	biological_process
GO:0035066	positive_regulation_of_histone_acetylation	biological_process
GO:0035094	response_to_nicotine	biological_process
GO:0035107	appendage_morphogenesis	biological_process
GO:0035108	limb_morphogenesis	biological_process
GO:0035162	embryonic_hemopoiesis	biological_process
GO:0035176	social_behavior	biological_process
GO:0035235	ionotropic_glutamate_receptor_signaling_pathway	biological_process
GO:0035239	tube_morphogenesis	biological_process
GO:0035264	multicellular_organism_growth	biological_process
GO:0035272	exocrine_system_development	biological_process
GO:0035295	tube_development	biological_process
GO:0035306	positive_regulation_of_dephosphorylation	biological_process
GO:0035329	hippo_signaling	biological_process
GO:0035335	peptidyl-tyrosine_dephosphorylation	biological_process
GO:0035383	thioester_metabolic_process	biological_process
GO:0035384	thioester_biosynthetic_process	biological_process
GO:0035404	histone-serine_phosphorylation	biological_process
GO:0035418	protein_localization_to_synapse	biological_process
GO:0035556	intracellular_signal_transduction	biological_process
GO:0035584	calcium-mediated_signaling_using_intracellular_calcium_source	biological_process
GO:0035589	G_protein-coupled_purinergic_nucleotide_receptor_signaling_pathway	biological_process
GO:0035601	protein_deacylation	biological_process
GO:0035637	multicellular_organismal_signaling	biological_process
GO:0035640	exploration_behavior	biological_process
GO:0035666	TRIF-dependent_toll-like_receptor_signaling_pathway	biological_process
GO:0035690	cellular_response_to_drug	biological_process
GO:0035722	interleukin-12-mediated_signaling_pathway	biological_process
GO:0035723	interleukin-15-mediated_signaling_pathway	biological_process
GO:0035725	sodium_ion_transmembrane_transport	biological_process
GO:0035729	cellular_response_to_hepatocyte_growth_factor_stimulus	biological_process
GO:0035774	positive_regulation_of_insulin_secretion_involved_in_cellular_response_to_glucose_stimulus	biological_process
GO:0035809	regulation_of_urine_volume	biological_process
GO:0035813	regulation_of_renal_sodium_excretion	biological_process
GO:0035864	response_to_potassium_ion	biological_process
GO:0035902	response_to_immobilization_stress	biological_process
GO:0035904	aorta_development	biological_process
GO:0035966	response_to_topologically_incorrect_protein	biological_process
GO:0035967	cellular_response_to_topologically_incorrect_protein	biological_process
GO:0035970	peptidyl-threonine_dephosphorylation	biological_process
GO:0035987	endodermal_cell_differentiation	biological_process
GO:0035994	response_to_muscle_stretch	biological_process
GO:0036003	positive_regulation_of_transcription_from_RNA_polymerase_II_promoter_in_response_to_stress	biological_process
GO:0036148	phosphatidylglycerol_acyl-chain_remodeling	biological_process
GO:0036151	phosphatidylcholine_acyl-chain_remodeling	biological_process
GO:0036152	phosphatidylethanolamine_acyl-chain_remodeling	biological_process
GO:0036230	granulocyte_activation	biological_process
GO:0036473	cell_death_in_response_to_oxidative_stress	biological_process
GO:0036498	IRE1-mediated_unfolded_protein_response	biological_process
GO:0038061	NIK/NF-kappaB_signaling	biological_process
GO:0038083	peptidyl-tyrosine_autophosphorylation	biological_process
GO:0038084	vascular_endothelial_growth_factor_signaling_pathway	biological_process
GO:0038095	Fc-epsilon_receptor_signaling_pathway	biological_process
GO:0038096	Fc-gamma_receptor_signaling_pathway_involved_in_phagocytosis	biological_process
GO:0038110	interleukin-2-mediated_signaling_pathway	biological_process
GO:0038128	ERBB2_signaling_pathway	biological_process
GO:0040008	regulation_of_growth	biological_process
GO:0040011	locomotion	biological_process
GO:0040012	regulation_of_locomotion	biological_process
GO:0040018	positive_regulation_of_multicellular_organism_growth	biological_process
GO:0040019	positive_regulation_of_embryonic_development	biological_process
GO:0040020	regulation_of_meiotic_nuclear_division	biological_process
GO:0040029	regulation_of_gene_expression,_epigenetic	biological_process
GO:0042035	regulation_of_cytokine_biosynthetic_process	biological_process
GO:0042036	negative_regulation_of_cytokine_biosynthetic_process	biological_process
GO:0042053	regulation_of_dopamine_metabolic_process	biological_process
GO:0042059	negative_regulation_of_epidermal_growth_factor_receptor_signaling_pathway	biological_process
GO:0042060	wound_healing	biological_process
GO:0042088	T-helper_1_type_immune_response	biological_process
GO:0042093	T-helper_cell_differentiation	biological_process
GO:0042098	T_cell_proliferation	biological_process
GO:0042100	B_cell_proliferation	biological_process
GO:0042102	positive_regulation_of_T_cell_proliferation	biological_process
GO:0042104	positive_regulation_of_activated_T_cell_proliferation	biological_process
GO:0042110	T_cell_activation	biological_process
GO:0042119	neutrophil_activation	biological_process
GO:0042127	regulation_of_cell_population_proliferation	biological_process
GO:0042130	negative_regulation_of_T_cell_proliferation	biological_process
GO:0042135	neurotransmitter_catabolic_process	biological_process
GO:0042136	neurotransmitter_biosynthetic_process	biological_process
GO:0042149	cellular_response_to_glucose_starvation	biological_process
GO:0042157	lipoprotein_metabolic_process	biological_process
GO:0042176	regulation_of_protein_catabolic_process	biological_process
GO:0042177	negative_regulation_of_protein_catabolic_process	biological_process
GO:0042220	response_to_cocaine	biological_process
GO:0042254	ribosome_biogenesis	biological_process
GO:0042304	regulation_of_fatty_acid_biosynthetic_process	biological_process
GO:0042307	positive_regulation_of_protein_import_into_nucleus	biological_process
GO:0042310	vasoconstriction	biological_process
GO:0042311	vasodilation	biological_process
GO:0042359	vitamin_D_metabolic_process	biological_process
GO:0042391	regulation_of_membrane_potential	biological_process
GO:0042398	cellular_modified_amino_acid_biosynthetic_process	biological_process
GO:0042402	cellular_biogenic_amine_catabolic_process	biological_process
GO:0042417	dopamine_metabolic_process	biological_process
GO:0042423	catecholamine_biosynthetic_process	biological_process
GO:0042445	hormone_metabolic_process	biological_process
GO:0042446	hormone_biosynthetic_process	biological_process
GO:0042447	hormone_catabolic_process	biological_process
GO:0042461	photoreceptor_cell_development	biological_process
GO:0042472	inner_ear_morphogenesis	biological_process
GO:0042475	odontogenesis_of_dentin-containing_tooth	biological_process
GO:0042493	response_to_drug	biological_process
GO:0042531	positive_regulation_of_tyrosine_phosphorylation_of_STAT_protein	biological_process
GO:0042534	regulation_of_tumor_necrosis_factor_biosynthetic_process	biological_process
GO:0042537	benzene-containing_compound_metabolic_process	biological_process
GO:0042572	retinol_metabolic_process	biological_process
GO:0042573	retinoic_acid_metabolic_process	biological_process
GO:0042593	glucose_homeostasis	biological_process
GO:0042632	cholesterol_homeostasis	biological_process
GO:0042633	hair_cycle	biological_process
GO:0042733	embryonic_digit_morphogenesis	biological_process
GO:0042737	drug_catabolic_process	biological_process
GO:0042742	defense_response_to_bacterium	biological_process
GO:0042743	hydrogen_peroxide_metabolic_process	biological_process
GO:0042752	regulation_of_circadian_rhythm	biological_process
GO:0042755	eating_behavior	biological_process
GO:0042759	long-chain_fatty_acid_biosynthetic_process	biological_process
GO:0042762	regulation_of_sulfur_metabolic_process	biological_process
GO:0042771	intrinsic_apoptotic_signaling_pathway_in_response_to_DNA_damage_by_p53_class_mediator	biological_process
GO:0042832	defense_response_to_protozoan	biological_process
GO:0042981	regulation_of_apoptotic_process	biological_process
GO:0043009	chordate_embryonic_development	biological_process
GO:0043010	camera-type_eye_development	biological_process
GO:0043029	T_cell_homeostasis	biological_process
GO:0043032	positive_regulation_of_macrophage_activation	biological_process
GO:0043038	amino_acid_activation	biological_process
GO:0043043	peptide_biosynthetic_process	biological_process
GO:0043044	ATP-dependent_chromatin_remodeling	biological_process
GO:0043065	positive_regulation_of_apoptotic_process	biological_process
GO:0043066	negative_regulation_of_apoptotic_process	biological_process
GO:0043085	positive_regulation_of_catalytic_activity	biological_process
GO:0043086	negative_regulation_of_catalytic_activity	biological_process
GO:0043101	purine-containing_compound_salvage	biological_process
GO:0043113	receptor_clustering	biological_process
GO:0043114	regulation_of_vascular_permeability	biological_process
GO:0043123	positive_regulation_of_I-kappaB_kinase/NF-kappaB_signaling	biological_process
GO:0043124	negative_regulation_of_I-kappaB_kinase/NF-kappaB_signaling	biological_process
GO:0043154	negative_regulation_of_cysteine-type_endopeptidase_activity_involved_in_apoptotic_process	biological_process
GO:0043174	nucleoside_salvage	biological_process
GO:0043244	regulation_of_protein_complex_disassembly	biological_process
GO:0043252	sodium-independent_organic_anion_transport	biological_process
GO:0043254	regulation_of_protein_complex_assembly	biological_process
GO:0043269	regulation_of_ion_transport	biological_process
GO:0043270	positive_regulation_of_ion_transport	biological_process
GO:0043277	apoptotic_cell_clearance	biological_process
GO:0043278	response_to_morphine	biological_process
GO:0043279	response_to_alkaloid	biological_process
GO:0043281	regulation_of_cysteine-type_endopeptidase_activity_involved_in_apoptotic_process	biological_process
GO:0043302	positive_regulation_of_leukocyte_degranulation	biological_process
GO:0043303	mast_cell_degranulation	biological_process
GO:0043304	regulation_of_mast_cell_degranulation	biological_process
GO:0043312	neutrophil_degranulation	biological_process
GO:0043330	response_to_exogenous_dsRNA	biological_process
GO:0043367	CD4-positive,_alpha-beta_T_cell_differentiation	biological_process
GO:0043368	positive_T_cell_selection	biological_process
GO:0043370	regulation_of_CD4-positive,_alpha-beta_T_cell_differentiation	biological_process
GO:0043392	negative_regulation_of_DNA_binding	biological_process
GO:0043393	regulation_of_protein_binding	biological_process
GO:0043401	steroid_hormone_mediated_signaling_pathway	biological_process
GO:0043403	skeletal_muscle_tissue_regeneration	biological_process
GO:0043406	positive_regulation_of_MAP_kinase_activity	biological_process
GO:0043407	negative_regulation_of_MAP_kinase_activity	biological_process
GO:0043408	regulation_of_MAPK_cascade	biological_process
GO:0043409	negative_regulation_of_MAPK_cascade	biological_process
GO:0043410	positive_regulation_of_MAPK_cascade	biological_process
GO:0043413	macromolecule_glycosylation	biological_process
GO:0043434	response_to_peptide_hormone	biological_process
GO:0043457	regulation_of_cellular_respiration	biological_process
GO:0043462	regulation_of_ATPase_activity	biological_process
GO:0043467	regulation_of_generation_of_precursor_metabolites_and_energy	biological_process
GO:0043470	regulation_of_carbohydrate_catabolic_process	biological_process
GO:0043473	pigmentation	biological_process
GO:0043484	regulation_of_RNA_splicing	biological_process
GO:0043488	regulation_of_mRNA_stability	biological_process
GO:0043491	protein_kinase_B_signaling	biological_process
GO:0043500	muscle_adaptation	biological_process
GO:0043506	regulation_of_JUN_kinase_activity	biological_process
GO:0043516	regulation_of_DNA_damage_response,_signal_transduction_by_p53_class_mediator	biological_process
GO:0043523	regulation_of_neuron_apoptotic_process	biological_process
GO:0043524	negative_regulation_of_neuron_apoptotic_process	biological_process
GO:0043525	positive_regulation_of_neuron_apoptotic_process	biological_process
GO:0043534	blood_vessel_endothelial_cell_migration	biological_process
GO:0043537	negative_regulation_of_blood_vessel_endothelial_cell_migration	biological_process
GO:0043543	protein_acylation	biological_process
GO:0043547	positive_regulation_of_GTPase_activity	biological_process
GO:0043552	positive_regulation_of_phosphatidylinositol_3-kinase_activity	biological_process
GO:0043567	regulation_of_insulin-like_growth_factor_receptor_signaling_pathway	biological_process
GO:0043576	regulation_of_respiratory_gaseous_exchange	biological_process
GO:0043583	ear_development	biological_process
GO:0043588	skin_development	biological_process
GO:0043603	cellular_amide_metabolic_process	biological_process
GO:0043604	amide_biosynthetic_process	biological_process
GO:0043620	regulation_of_DNA-templated_transcription_in_response_to_stress	biological_process
GO:0043624	cellular_protein_complex_disassembly	biological_process
GO:0043627	response_to_estrogen	biological_process
GO:0043647	inositol_phosphate_metabolic_process	biological_process
GO:0043651	linoleic_acid_metabolic_process	biological_process
GO:0043687	post-translational_protein_modification	biological_process
GO:0043900	regulation_of_multi-organism_process	biological_process
GO:0043901	negative_regulation_of_multi-organism_process	biological_process
GO:0043902	positive_regulation_of_multi-organism_process	biological_process
GO:0043903	regulation_of_symbiosis,_encompassing_mutualism_through_parasitism	biological_process
GO:0043921	modulation_by_host_of_viral_transcription	biological_process
GO:0043933	protein-containing_complex_subunit_organization	biological_process
GO:0043950	positive_regulation_of_cAMP-mediated_signaling	biological_process
GO:0043951	negative_regulation_of_cAMP-mediated_signaling	biological_process
GO:0043954	cellular_component_maintenance	biological_process
GO:0043966	histone_H3_acetylation	biological_process
GO:0043967	histone_H4_acetylation	biological_process
GO:0044030	regulation_of_DNA_methylation	biological_process
GO:0044057	regulation_of_system_process	biological_process
GO:0044058	regulation_of_digestive_system_process	biological_process
GO:0044060	regulation_of_endocrine_process	biological_process
GO:0044068	modulation_by_symbiont_of_host_cellular_process	biological_process
GO:0044087	regulation_of_cellular_component_biogenesis	biological_process
GO:0044088	regulation_of_vacuole_organization	biological_process
GO:0044089	positive_regulation_of_cellular_component_biogenesis	biological_process
GO:0044092	negative_regulation_of_molecular_function	biological_process
GO:0044093	positive_regulation_of_molecular_function	biological_process
GO:0044242	cellular_lipid_catabolic_process	biological_process
GO:0044247	cellular_polysaccharide_catabolic_process	biological_process
GO:0044248	cellular_catabolic_process	biological_process
GO:0044249	cellular_biosynthetic_process	biological_process
GO:0044255	cellular_lipid_metabolic_process	biological_process
GO:0044257	cellular_protein_catabolic_process	biological_process
GO:0044262	cellular_carbohydrate_metabolic_process	biological_process
GO:0044265	cellular_macromolecule_catabolic_process	biological_process
GO:0044271	cellular_nitrogen_compound_biosynthetic_process	biological_process
GO:0044272	sulfur_compound_biosynthetic_process	biological_process
GO:0044273	sulfur_compound_catabolic_process	biological_process
GO:0044282	small_molecule_catabolic_process	biological_process
GO:0044283	small_molecule_biosynthetic_process	biological_process
GO:0044320	cellular_response_to_leptin_stimulus	biological_process
GO:0044409	entry_into_host	biological_process
GO:0044703	multi-organism_reproductive_process	biological_process
GO:0044772	mitotic_cell_cycle_phase_transition	biological_process
GO:0044773	mitotic_DNA_damage_checkpoint	biological_process
GO:0044782	cilium_organization	biological_process
GO:0044783	G1_DNA_damage_checkpoint	biological_process
GO:0044819	mitotic_G1/S_transition_checkpoint	biological_process
GO:0045055	regulated_exocytosis	biological_process
GO:0045061	thymic_T_cell_selection	biological_process
GO:0045070	positive_regulation_of_viral_genome_replication	biological_process
GO:0045071	negative_regulation_of_viral_genome_replication	biological_process
GO:0045086	positive_regulation_of_interleukin-2_biosynthetic_process	biological_process
GO:0045087	innate_immune_response	biological_process
GO:0045088	regulation_of_innate_immune_response	biological_process
GO:0045124	regulation_of_bone_resorption	biological_process
GO:0045165	cell_fate_commitment	biological_process
GO:0045185	maintenance_of_protein_location	biological_process
GO:0045187	regulation_of_circadian_sleep/wake_cycle,_sleep	biological_process
GO:0045321	leukocyte_activation	biological_process
GO:0045408	regulation_of_interleukin-6_biosynthetic_process	biological_process
GO:0045429	positive_regulation_of_nitric_oxide_biosynthetic_process	biological_process
GO:0045444	fat_cell_differentiation	biological_process
GO:0045445	myoblast_differentiation	biological_process
GO:0045446	endothelial_cell_differentiation	biological_process
GO:0045453	bone_resorption	biological_process
GO:0045454	cell_redox_homeostasis	biological_process
GO:0045471	response_to_ethanol	biological_process
GO:0045540	regulation_of_cholesterol_biosynthetic_process	biological_process
GO:0045576	mast_cell_activation	biological_process
GO:0045577	regulation_of_B_cell_differentiation	biological_process
GO:0045581	negative_regulation_of_T_cell_differentiation	biological_process
GO:0045589	regulation_of_regulatory_T_cell_differentiation	biological_process
GO:0045596	negative_regulation_of_cell_differentiation	biological_process
GO:0045597	positive_regulation_of_cell_differentiation	biological_process
GO:0045599	negative_regulation_of_fat_cell_differentiation	biological_process
GO:0045600	positive_regulation_of_fat_cell_differentiation	biological_process
GO:0045601	regulation_of_endothelial_cell_differentiation	biological_process
GO:0045606	positive_regulation_of_epidermal_cell_differentiation	biological_process
GO:0045616	regulation_of_keratinocyte_differentiation	biological_process
GO:0045621	positive_regulation_of_lymphocyte_differentiation	biological_process
GO:0045624	positive_regulation_of_T-helper_cell_differentiation	biological_process
GO:0045637	regulation_of_myeloid_cell_differentiation	biological_process
GO:0045639	positive_regulation_of_myeloid_cell_differentiation	biological_process
GO:0045648	positive_regulation_of_erythrocyte_differentiation	biological_process
GO:0045649	regulation_of_macrophage_differentiation	biological_process
GO:0045652	regulation_of_megakaryocyte_differentiation	biological_process
GO:0045661	regulation_of_myoblast_differentiation	biological_process
GO:0045664	regulation_of_neuron_differentiation	biological_process
GO:0045665	negative_regulation_of_neuron_differentiation	biological_process
GO:0045668	negative_regulation_of_osteoblast_differentiation	biological_process
GO:0045669	positive_regulation_of_osteoblast_differentiation	biological_process
GO:0045672	positive_regulation_of_osteoclast_differentiation	biological_process
GO:0045686	negative_regulation_of_glial_cell_differentiation	biological_process
GO:0045722	positive_regulation_of_gluconeogenesis	biological_process
GO:0045727	positive_regulation_of_translation	biological_process
GO:0045732	positive_regulation_of_protein_catabolic_process	biological_process
GO:0045736	negative_regulation_of_cyclin-dependent_protein_serine/threonine_kinase_activity	biological_process
GO:0045737	positive_regulation_of_cyclin-dependent_protein_serine/threonine_kinase_activity	biological_process
GO:0045739	positive_regulation_of_DNA_repair	biological_process
GO:0045740	positive_regulation_of_DNA_replication	biological_process
GO:0045742	positive_regulation_of_epidermal_growth_factor_receptor_signaling_pathway	biological_process
GO:0045745	positive_regulation_of_G_protein-coupled_receptor_signaling_pathway	biological_process
GO:0045746	negative_regulation_of_Notch_signaling_pathway	biological_process
GO:0045747	positive_regulation_of_Notch_signaling_pathway	biological_process
GO:0045765	regulation_of_angiogenesis	biological_process
GO:0045766	positive_regulation_of_angiogenesis	biological_process
GO:0045773	positive_regulation_of_axon_extension	biological_process
GO:0045776	negative_regulation_of_blood_pressure	biological_process
GO:0045777	positive_regulation_of_blood_pressure	biological_process
GO:0045785	positive_regulation_of_cell_adhesion	biological_process
GO:0045786	negative_regulation_of_cell_cycle	biological_process
GO:0045787	positive_regulation_of_cell_cycle	biological_process
GO:0045806	negative_regulation_of_endocytosis	biological_process
GO:0045815	positive_regulation_of_gene_expression,_epigenetic	biological_process
GO:0045821	positive_regulation_of_glycolytic_process	biological_process
GO:0045822	negative_regulation_of_heart_contraction	biological_process
GO:0045824	negative_regulation_of_innate_immune_response	biological_process
GO:0045830	positive_regulation_of_isotype_switching	biological_process
GO:0045834	positive_regulation_of_lipid_metabolic_process	biological_process
GO:0045839	negative_regulation_of_mitotic_nuclear_division	biological_process
GO:0045840	positive_regulation_of_mitotic_nuclear_division	biological_process
GO:0045844	positive_regulation_of_striated_muscle_tissue_development	biological_process
GO:0045860	positive_regulation_of_protein_kinase_activity	biological_process
GO:0045861	negative_regulation_of_proteolysis	biological_process
GO:0045862	positive_regulation_of_proteolysis	biological_process
GO:0045892	negative_regulation_of_transcription,_DNA-templated	biological_process
GO:0045893	positive_regulation_of_transcription,_DNA-templated	biological_process
GO:0045907	positive_regulation_of_vasoconstriction	biological_process
GO:0045913	positive_regulation_of_carbohydrate_metabolic_process	biological_process
GO:0045921	positive_regulation_of_exocytosis	biological_process
GO:0045923	positive_regulation_of_fatty_acid_metabolic_process	biological_process
GO:0045926	negative_regulation_of_growth	biological_process
GO:0045927	positive_regulation_of_growth	biological_process
GO:0045930	negative_regulation_of_mitotic_cell_cycle	biological_process
GO:0045931	positive_regulation_of_mitotic_cell_cycle	biological_process
GO:0045934	negative_regulation_of_nucleobase-containing_compound_metabolic_process	biological_process
GO:0045935	positive_regulation_of_nucleobase-containing_compound_metabolic_process	biological_process
GO:0045936	negative_regulation_of_phosphate_metabolic_process	biological_process
GO:0045937	positive_regulation_of_phosphate_metabolic_process	biological_process
GO:0045944	positive_regulation_of_transcription_by_RNA_polymerase_II	biological_process
GO:0045987	positive_regulation_of_smooth_muscle_contraction	biological_process
GO:0046058	cAMP_metabolic_process	biological_process
GO:0046112	nucleobase_biosynthetic_process	biological_process
GO:0046129	purine_ribonucleoside_biosynthetic_process	biological_process
GO:0046134	pyrimidine_nucleoside_biosynthetic_process	biological_process
GO:0046135	pyrimidine_nucleoside_catabolic_process	biological_process
GO:0046164	alcohol_catabolic_process	biological_process
GO:0046165	alcohol_biosynthetic_process	biological_process
GO:0046209	nitric_oxide_metabolic_process	biological_process
GO:0046326	positive_regulation_of_glucose_import	biological_process
GO:0046329	negative_regulation_of_JNK_cascade	biological_process
GO:0046330	positive_regulation_of_JNK_cascade	biological_process
GO:0046364	monosaccharide_biosynthetic_process	biological_process
GO:0046394	carboxylic_acid_biosynthetic_process	biological_process
GO:0046395	carboxylic_acid_catabolic_process	biological_process
GO:0046457	prostanoid_biosynthetic_process	biological_process
GO:0046461	neutral_lipid_catabolic_process	biological_process
GO:0046467	membrane_lipid_biosynthetic_process	biological_process
GO:0046474	glycerophospholipid_biosynthetic_process	biological_process
GO:0046475	glycerophospholipid_catabolic_process	biological_process
GO:0046486	glycerolipid_metabolic_process	biological_process
GO:0046513	ceramide_biosynthetic_process	biological_process
GO:0046514	ceramide_catabolic_process	biological_process
GO:0046545	development_of_primary_female_sexual_characteristics	biological_process
GO:0046579	positive_regulation_of_Ras_protein_signal_transduction	biological_process
GO:0046580	negative_regulation_of_Ras_protein_signal_transduction	biological_process
GO:0046605	regulation_of_centrosome_cycle	biological_process
GO:0046621	negative_regulation_of_organ_growth	biological_process
GO:0046622	positive_regulation_of_organ_growth	biological_process
GO:0046627	negative_regulation_of_insulin_receptor_signaling_pathway	biological_process
GO:0046628	positive_regulation_of_insulin_receptor_signaling_pathway	biological_process
GO:0046638	positive_regulation_of_alpha-beta_T_cell_differentiation	biological_process
GO:0046641	positive_regulation_of_alpha-beta_T_cell_proliferation	biological_process
GO:0046649	lymphocyte_activation	biological_process
GO:0046661	male_sex_differentiation	biological_process
GO:0046676	negative_regulation_of_insulin_secretion	biological_process
GO:0046677	response_to_antibiotic	biological_process
GO:0046683	response_to_organophosphorus	biological_process
GO:0046688	response_to_copper_ion	biological_process
GO:0046697	decidualization	biological_process
GO:0046718	viral_entry_into_host_cell	biological_process
GO:0046777	protein_autophosphorylation	biological_process
GO:0046827	positive_regulation_of_protein_export_from_nucleus	biological_process
GO:0046835	carbohydrate_phosphorylation	biological_process
GO:0046854	phosphatidylinositol_phosphorylation	biological_process
GO:0046879	hormone_secretion	biological_process
GO:0046886	positive_regulation_of_hormone_biosynthetic_process	biological_process
GO:0046887	positive_regulation_of_hormone_secretion	biological_process
GO:0046888	negative_regulation_of_hormone_secretion	biological_process
GO:0046890	regulation_of_lipid_biosynthetic_process	biological_process
GO:0046903	secretion	biological_process
GO:0046907	intracellular_transport	biological_process
GO:0046939	nucleotide_phosphorylation	biological_process
GO:0046942	carboxylic_acid_transport	biological_process
GO:0046949	fatty-acyl-CoA_biosynthetic_process	biological_process
GO:0047496	vesicle_transport_along_microtubule	biological_process
GO:0048008	platelet-derived_growth_factor_receptor_signaling_pathway	biological_process
GO:0048010	vascular_endothelial_growth_factor_receptor_signaling_pathway	biological_process
GO:0048011	neurotrophin_TRK_receptor_signaling_pathway	biological_process
GO:0048013	ephrin_receptor_signaling_pathway	biological_process
GO:0048143	astrocyte_activation	biological_process
GO:0048146	positive_regulation_of_fibroblast_proliferation	biological_process
GO:0048167	regulation_of_synaptic_plasticity	biological_process
GO:0048169	regulation_of_long-term_neuronal_synaptic_plasticity	biological_process
GO:0048208	COPII_vesicle_coating	biological_process
GO:0048255	mRNA_stabilization	biological_process
GO:0048259	regulation_of_receptor-mediated_endocytosis	biological_process
GO:0048265	response_to_pain	biological_process
GO:0048286	lung_alveolus_development	biological_process
GO:0048333	mesodermal_cell_differentiation	biological_process
GO:0048468	cell_development	biological_process
GO:0048469	cell_maturation	biological_process
GO:0048489	synaptic_vesicle_transport	biological_process
GO:0048511	rhythmic_process	biological_process
GO:0048512	circadian_behavior	biological_process
GO:0048513	animal_organ_development	biological_process
GO:0048520	positive_regulation_of_behavior	biological_process
GO:0048536	spleen_development	biological_process
GO:0048538	thymus_development	biological_process
GO:0048545	response_to_steroid_hormone	biological_process
GO:0048546	digestive_tract_morphogenesis	biological_process
GO:0048562	embryonic_organ_morphogenesis	biological_process
GO:0048566	embryonic_digestive_tract_development	biological_process
GO:0048568	embryonic_organ_development	biological_process
GO:0048585	negative_regulation_of_response_to_stimulus	biological_process
GO:0048589	developmental_growth	biological_process
GO:0048598	embryonic_morphogenesis	biological_process
GO:0048599	oocyte_development	biological_process
GO:0048608	reproductive_structure_development	biological_process
GO:0048609	multicellular_organismal_reproductive_process	biological_process
GO:0048634	regulation_of_muscle_organ_development	biological_process
GO:0048638	regulation_of_developmental_growth	biological_process
GO:0048639	positive_regulation_of_developmental_growth	biological_process
GO:0048641	regulation_of_skeletal_muscle_tissue_development	biological_process
GO:0048644	muscle_organ_morphogenesis	biological_process
GO:0048645	animal_organ_formation	biological_process
GO:0048646	anatomical_structure_formation_involved_in_morphogenesis	biological_process
GO:0048661	positive_regulation_of_smooth_muscle_cell_proliferation	biological_process
GO:0048663	neuron_fate_commitment	biological_process
GO:0048666	neuron_development	biological_process
GO:0048667	cell_morphogenesis_involved_in_neuron_differentiation	biological_process
GO:0048679	regulation_of_axon_regeneration	biological_process
GO:0048701	embryonic_cranial_skeleton_morphogenesis	biological_process
GO:0048705	skeletal_system_morphogenesis	biological_process
GO:0048706	embryonic_skeletal_system_development	biological_process
GO:0048710	regulation_of_astrocyte_differentiation	biological_process
GO:0048714	positive_regulation_of_oligodendrocyte_differentiation	biological_process
GO:0048729	tissue_morphogenesis	biological_process
GO:0048730	epidermis_morphogenesis	biological_process
GO:0048732	gland_development	biological_process
GO:0048736	appendage_development	biological_process
GO:0048747	muscle_fiber_development	biological_process
GO:0048754	branching_morphogenesis_of_an_epithelial_tube	biological_process
GO:0048771	tissue_remodeling	biological_process
GO:0048812	neuron_projection_morphogenesis	biological_process
GO:0048813	dendrite_morphogenesis	biological_process
GO:0048844	artery_morphogenesis	biological_process
GO:0048864	stem_cell_development	biological_process
GO:0048871	multicellular_organismal_homeostasis	biological_process
GO:0048872	homeostasis_of_number_of_cells	biological_process
GO:0048873	homeostasis_of_number_of_cells_within_a_tissue	biological_process
GO:0048880	sensory_system_development	biological_process
GO:0050427	3'-phosphoadenosine_5'-phosphosulfate_metabolic_process	biological_process
GO:0050435	amyloid-beta_metabolic_process	biological_process
GO:0050482	arachidonic_acid_secretion	biological_process
GO:0050663	cytokine_secretion	biological_process
GO:0050670	regulation_of_lymphocyte_proliferation	biological_process
GO:0050678	regulation_of_epithelial_cell_proliferation	biological_process
GO:0050679	positive_regulation_of_epithelial_cell_proliferation	biological_process
GO:0050684	regulation_of_mRNA_processing	biological_process
GO:0050688	regulation_of_defense_response_to_virus	biological_process
GO:0050708	regulation_of_protein_secretion	biological_process
GO:0050710	negative_regulation_of_cytokine_secretion	biological_process
GO:0050714	positive_regulation_of_protein_secretion	biological_process
GO:0050715	positive_regulation_of_cytokine_secretion	biological_process
GO:0050718	positive_regulation_of_interleukin-1_beta_secretion	biological_process
GO:0050727	regulation_of_inflammatory_response	biological_process
GO:0050728	negative_regulation_of_inflammatory_response	biological_process
GO:0050729	positive_regulation_of_inflammatory_response	biological_process
GO:0050731	positive_regulation_of_peptidyl-tyrosine_phosphorylation	biological_process
GO:0050732	negative_regulation_of_peptidyl-tyrosine_phosphorylation	biological_process
GO:0050766	positive_regulation_of_phagocytosis	biological_process
GO:0050767	regulation_of_neurogenesis	biological_process
GO:0050769	positive_regulation_of_neurogenesis	biological_process
GO:0050771	negative_regulation_of_axonogenesis	biological_process
GO:0050777	negative_regulation_of_immune_response	biological_process
GO:0050778	positive_regulation_of_immune_response	biological_process
GO:0050790	regulation_of_catalytic_activity	biological_process
GO:0050796	regulation_of_insulin_secretion	biological_process
GO:0050801	ion_homeostasis	biological_process
GO:0050804	modulation_of_chemical_synaptic_transmission	biological_process
GO:0050805	negative_regulation_of_synaptic_transmission	biological_process
GO:0050806	positive_regulation_of_synaptic_transmission	biological_process
GO:0050807	regulation_of_synapse_organization	biological_process
GO:0050808	synapse_organization	biological_process
GO:0050818	regulation_of_coagulation	biological_process
GO:0050821	protein_stabilization	biological_process
GO:0050829	defense_response_to_Gram-negative_bacterium	biological_process
GO:0050830	defense_response_to_Gram-positive_bacterium	biological_process
GO:0050849	negative_regulation_of_calcium-mediated_signaling	biological_process
GO:0050850	positive_regulation_of_calcium-mediated_signaling	biological_process
GO:0050852	T_cell_receptor_signaling_pathway	biological_process
GO:0050853	B_cell_receptor_signaling_pathway	biological_process
GO:0050855	regulation_of_B_cell_receptor_signaling_pathway	biological_process
GO:0050856	regulation_of_T_cell_receptor_signaling_pathway	biological_process
GO:0050857	positive_regulation_of_antigen_receptor-mediated_signaling_pathway	biological_process
GO:0050858	negative_regulation_of_antigen_receptor-mediated_signaling_pathway	biological_process
GO:0050863	regulation_of_T_cell_activation	biological_process
GO:0050866	negative_regulation_of_cell_activation	biological_process
GO:0050867	positive_regulation_of_cell_activation	biological_process
GO:0050869	negative_regulation_of_B_cell_activation	biological_process
GO:0050870	positive_regulation_of_T_cell_activation	biological_process
GO:0050877	nervous_system_process	biological_process
GO:0050878	regulation_of_body_fluid_levels	biological_process
GO:0050885	neuromuscular_process_controlling_balance	biological_process
GO:0050892	intestinal_absorption	biological_process
GO:0050900	leukocyte_migration	biological_process
GO:0050901	leukocyte_tethering_or_rolling	biological_process
GO:0050906	detection_of_stimulus_involved_in_sensory_perception	biological_process
GO:0050912	detection_of_chemical_stimulus_involved_in_sensory_perception_of_taste	biological_process
GO:0050913	sensory_perception_of_bitter_taste	biological_process
GO:0050918	positive_chemotaxis	biological_process
GO:0050922	negative_regulation_of_chemotaxis	biological_process
GO:0050927	positive_regulation_of_positive_chemotaxis	biological_process
GO:0050951	sensory_perception_of_temperature_stimulus	biological_process
GO:0050965	detection_of_temperature_stimulus_involved_in_sensory_perception_of_pain	biological_process
GO:0050966	detection_of_mechanical_stimulus_involved_in_sensory_perception_of_pain	biological_process
GO:0050995	negative_regulation_of_lipid_catabolic_process	biological_process
GO:0050996	positive_regulation_of_lipid_catabolic_process	biological_process
GO:0051000	positive_regulation_of_nitric-oxide_synthase_activity	biological_process
GO:0051004	regulation_of_lipoprotein_lipase_activity	biological_process
GO:0051023	regulation_of_immunoglobulin_secretion	biological_process
GO:0051028	mRNA_transport	biological_process
GO:0051043	regulation_of_membrane_protein_ectodomain_proteolysis	biological_process
GO:0051048	negative_regulation_of_secretion	biological_process
GO:0051050	positive_regulation_of_transport	biological_process
GO:0051051	negative_regulation_of_transport	biological_process
GO:0051052	regulation_of_DNA_metabolic_process	biological_process
GO:0051054	positive_regulation_of_DNA_metabolic_process	biological_process
GO:0051055	negative_regulation_of_lipid_biosynthetic_process	biological_process
GO:0051056	regulation_of_small_GTPase_mediated_signal_transduction	biological_process
GO:0051090	regulation_of_DNA-binding_transcription_factor_activity	biological_process
GO:0051091	positive_regulation_of_DNA-binding_transcription_factor_activity	biological_process
GO:0051092	positive_regulation_of_NF-kappaB_transcription_factor_activity	biological_process
GO:0051093	negative_regulation_of_developmental_process	biological_process
GO:0051094	positive_regulation_of_developmental_process	biological_process
GO:0051098	regulation_of_binding	biological_process
GO:0051099	positive_regulation_of_binding	biological_process
GO:0051101	regulation_of_DNA_binding	biological_process
GO:0051128	regulation_of_cellular_component_organization	biological_process
GO:0051129	negative_regulation_of_cellular_component_organization	biological_process
GO:0051130	positive_regulation_of_cellular_component_organization	biological_process
GO:0051145	smooth_muscle_cell_differentiation	biological_process
GO:0051146	striated_muscle_cell_differentiation	biological_process
GO:0051150	regulation_of_smooth_muscle_cell_differentiation	biological_process
GO:0051154	negative_regulation_of_striated_muscle_cell_differentiation	biological_process
GO:0051155	positive_regulation_of_striated_muscle_cell_differentiation	biological_process
GO:0051168	nuclear_export	biological_process
GO:0051180	vitamin_transport	biological_process
GO:0051181	cofactor_transport	biological_process
GO:0051186	cofactor_metabolic_process	biological_process
GO:0051187	cofactor_catabolic_process	biological_process
GO:0051188	cofactor_biosynthetic_process	biological_process
GO:0051193	regulation_of_cofactor_metabolic_process	biological_process
GO:0051209	release_of_sequestered_calcium_ion_into_cytosol	biological_process
GO:0051222	positive_regulation_of_protein_transport	biological_process
GO:0051223	regulation_of_protein_transport	biological_process
GO:0051224	negative_regulation_of_protein_transport	biological_process
GO:0051236	establishment_of_RNA_localization	biological_process
GO:0051240	positive_regulation_of_multicellular_organismal_process	biological_process
GO:0051241	negative_regulation_of_multicellular_organismal_process	biological_process
GO:0051249	regulation_of_lymphocyte_activation	biological_process
GO:0051252	regulation_of_RNA_metabolic_process	biological_process
GO:0051258	protein_polymerization	biological_process
GO:0051259	protein_complex_oligomerization	biological_process
GO:0051260	protein_homooligomerization	biological_process
GO:0051272	positive_regulation_of_cellular_component_movement	biological_process
GO:0051276	chromosome_organization	biological_process
GO:0051281	positive_regulation_of_release_of_sequestered_calcium_ion_into_cytosol	biological_process
GO:0051282	regulation_of_sequestering_of_calcium_ion	biological_process
GO:0051289	protein_homotetramerization	biological_process
GO:0051291	protein_heterooligomerization	biological_process
GO:0051301	cell_division	biological_process
GO:0051302	regulation_of_cell_division	biological_process
GO:0051303	establishment_of_chromosome_localization	biological_process
GO:0051336	regulation_of_hydrolase_activity	biological_process
GO:0051345	positive_regulation_of_hydrolase_activity	biological_process
GO:0051346	negative_regulation_of_hydrolase_activity	biological_process
GO:0051354	negative_regulation_of_oxidoreductase_activity	biological_process
GO:0051384	response_to_glucocorticoid	biological_process
GO:0051385	response_to_mineralocorticoid	biological_process
GO:0051402	neuron_apoptotic_process	biological_process
GO:0051403	stress-activated_MAPK_cascade	biological_process
GO:0051438	regulation_of_ubiquitin-protein_transferase_activity	biological_process
GO:0051453	regulation_of_intracellular_pH	biological_process
GO:0051482	positive_regulation_of_cytosolic_calcium_ion_concentration_involved_in_phospholipase_C-activating_G_protein-coupled_signaling_pathway	biological_process
GO:0051489	regulation_of_filopodium_assembly	biological_process
GO:0051493	regulation_of_cytoskeleton_organization	biological_process
GO:0051495	positive_regulation_of_cytoskeleton_organization	biological_process
GO:0051496	positive_regulation_of_stress_fiber_assembly	biological_process
GO:0051568	histone_H3-K4_methylation	biological_process
GO:0051570	regulation_of_histone_H3-K9_methylation	biological_process
GO:0051590	positive_regulation_of_neurotransmitter_transport	biological_process
GO:0051602	response_to_electrical_stimulus	biological_process
GO:0051606	detection_of_stimulus	biological_process
GO:0051607	defense_response_to_virus	biological_process
GO:0051641	cellular_localization	biological_process
GO:0051646	mitochondrion_localization	biological_process
GO:0051649	establishment_of_localization_in_cell	biological_process
GO:0051656	establishment_of_organelle_localization	biological_process
GO:0051674	localization_of_cell	biological_process
GO:0051707	response_to_other_organism	biological_process
GO:0051709	regulation_of_killing_of_cells_of_other_organism	biological_process
GO:0051726	regulation_of_cell_cycle	biological_process
GO:0051770	positive_regulation_of_nitric-oxide_synthase_biosynthetic_process	biological_process
GO:0051851	modification_by_host_of_symbiont_morphology_or_physiology	biological_process
GO:0051894	positive_regulation_of_focal_adhesion_assembly	biological_process
GO:0051897	positive_regulation_of_protein_kinase_B_signaling	biological_process
GO:0051898	negative_regulation_of_protein_kinase_B_signaling	biological_process
GO:0051900	regulation_of_mitochondrial_depolarization	biological_process
GO:0051924	regulation_of_calcium_ion_transport	biological_process
GO:0051928	positive_regulation_of_calcium_ion_transport	biological_process
GO:0051930	regulation_of_sensory_perception_of_pain	biological_process
GO:0051937	catecholamine_transport	biological_process
GO:0051952	regulation_of_amine_transport	biological_process
GO:0051957	positive_regulation_of_amino_acid_transport	biological_process
GO:0051961	negative_regulation_of_nervous_system_development	biological_process
GO:0051965	positive_regulation_of_synapse_assembly	biological_process
GO:0051968	positive_regulation_of_synaptic_transmission,_glutamatergic	biological_process
GO:0051969	regulation_of_transmission_of_nerve_impulse	biological_process
GO:0051973	positive_regulation_of_telomerase_activity	biological_process
GO:0052547	regulation_of_peptidase_activity	biological_process
GO:0052695	cellular_glucuronidation	biological_process
GO:0055010	ventricular_cardiac_muscle_tissue_morphogenesis	biological_process
GO:0055013	cardiac_muscle_cell_development	biological_process
GO:0055017	cardiac_muscle_tissue_growth	biological_process
GO:0055022	negative_regulation_of_cardiac_muscle_tissue_growth	biological_process
GO:0055024	regulation_of_cardiac_muscle_tissue_development	biological_process
GO:0055025	positive_regulation_of_cardiac_muscle_tissue_development	biological_process
GO:0055078	sodium_ion_homeostasis	biological_process
GO:0055080	cation_homeostasis	biological_process
GO:0055082	cellular_chemical_homeostasis	biological_process
GO:0055083	monovalent_inorganic_anion_homeostasis	biological_process
GO:0055085	transmembrane_transport	biological_process
GO:0055089	fatty_acid_homeostasis	biological_process
GO:0055093	response_to_hyperoxia	biological_process
GO:0055114	oxidation-reduction_process	biological_process
GO:0055123	digestive_system_development	biological_process
GO:0060021	roof_of_mouth_development	biological_process
GO:0060042	retina_morphogenesis_in_camera-type_eye	biological_process
GO:0060045	positive_regulation_of_cardiac_muscle_cell_proliferation	biological_process
GO:0060048	cardiac_muscle_contraction	biological_process
GO:0060071	Wnt_signaling_pathway,_planar_cell_polarity_pathway	biological_process
GO:0060079	excitatory_postsynaptic_potential	biological_process
GO:0060113	inner_ear_receptor_cell_differentiation	biological_process
GO:0060134	prepulse_inhibition	biological_process
GO:0060135	maternal_process_involved_in_female_pregnancy	biological_process
GO:0060142	regulation_of_syncytium_formation_by_plasma_membrane_fusion	biological_process
GO:0060149	negative_regulation_of_posttranscriptional_gene_silencing	biological_process
GO:0060173	limb_development	biological_process
GO:0060249	anatomical_structure_homeostasis	biological_process
GO:0060252	positive_regulation_of_glial_cell_proliferation	biological_process
GO:0060259	regulation_of_feeding_behavior	biological_process
GO:0060291	long-term_synaptic_potentiation	biological_process
GO:0060306	regulation_of_membrane_repolarization	biological_process
GO:0060317	cardiac_epithelial_to_mesenchymal_transition	biological_process
GO:0060325	face_morphogenesis	biological_process
GO:0060333	interferon-gamma-mediated_signaling_pathway	biological_process
GO:0060334	regulation_of_interferon-gamma-mediated_signaling_pathway	biological_process
GO:0060337	type_I_interferon_signaling_pathway	biological_process
GO:0060338	regulation_of_type_I_interferon-mediated_signaling_pathway	biological_process
GO:0060341	regulation_of_cellular_localization	biological_process
GO:0060348	bone_development	biological_process
GO:0060359	response_to_ammonium_ion	biological_process
GO:0060395	SMAD_protein_signal_transduction	biological_process
GO:0060396	growth_hormone_receptor_signaling_pathway	biological_process
GO:0060401	cytosolic_calcium_ion_transport	biological_process
GO:0060402	calcium_ion_transport_into_cytosol	biological_process
GO:0060412	ventricular_septum_morphogenesis	biological_process
GO:0060415	muscle_tissue_morphogenesis	biological_process
GO:0060425	lung_morphogenesis	biological_process
GO:0060429	epithelium_development	biological_process
GO:0060443	mammary_gland_morphogenesis	biological_process
GO:0060444	branching_involved_in_mammary_gland_duct_morphogenesis	biological_process
GO:0060485	mesenchyme_development	biological_process
GO:0060548	negative_regulation_of_cell_death	biological_process
GO:0060562	epithelial_tube_morphogenesis	biological_process
GO:0060612	adipose_tissue_development	biological_process
GO:0060627	regulation_of_vesicle-mediated_transport	biological_process
GO:0060669	embryonic_placenta_morphogenesis	biological_process
GO:0060688	regulation_of_morphogenesis_of_a_branching_structure	biological_process
GO:0060711	labyrinthine_layer_development	biological_process
GO:0060732	positive_regulation_of_inositol_phosphate_biosynthetic_process	biological_process
GO:0060749	mammary_gland_alveolus_development	biological_process
GO:0060828	regulation_of_canonical_Wnt_signaling_pathway	biological_process
GO:0060967	negative_regulation_of_gene_silencing_by_RNA	biological_process
GO:0060976	coronary_vasculature_development	biological_process
GO:0060993	kidney_morphogenesis	biological_process
GO:0060996	dendritic_spine_development	biological_process
GO:0060999	positive_regulation_of_dendritic_spine_development	biological_process
GO:0061001	regulation_of_dendritic_spine_morphogenesis	biological_process
GO:0061024	membrane_organization	biological_process
GO:0061025	membrane_fusion	biological_process
GO:0061028	establishment_of_endothelial_barrier	biological_process
GO:0061036	positive_regulation_of_cartilage_development	biological_process
GO:0061041	regulation_of_wound_healing	biological_process
GO:0061050	regulation_of_cell_growth_involved_in_cardiac_muscle_cell_development	biological_process
GO:0061061	muscle_structure_development	biological_process
GO:0061077	chaperone-mediated_protein_folding	biological_process
GO:0061098	positive_regulation_of_protein_tyrosine_kinase_activity	biological_process
GO:0061136	regulation_of_proteasomal_protein_catabolic_process	biological_process
GO:0061311	cell_surface_receptor_signaling_pathway_involved_in_heart_development	biological_process
GO:0061333	renal_tubule_morphogenesis	biological_process
GO:0061351	neural_precursor_cell_proliferation	biological_process
GO:0061384	heart_trabecula_morphogenesis	biological_process
GO:0061387	regulation_of_extent_of_cell_growth	biological_process
GO:0061418	regulation_of_transcription_from_RNA_polymerase_II_promoter_in_response_to_hypoxia	biological_process
GO:0061437	renal_system_vasculature_development	biological_process
GO:0061515	myeloid_cell_development	biological_process
GO:0061564	axon_development	biological_process
GO:0061621	canonical_glycolysis	biological_process
GO:0061647	histone_H3-K9_modification	biological_process
GO:0062012	regulation_of_small_molecule_metabolic_process	biological_process
GO:0062013	positive_regulation_of_small_molecule_metabolic_process	biological_process
GO:0062014	negative_regulation_of_small_molecule_metabolic_process	biological_process
GO:0065003	protein-containing_complex_assembly	biological_process
GO:0070050	neuron_cellular_homeostasis	biological_process
GO:0070059	intrinsic_apoptotic_signaling_pathway_in_response_to_endoplasmic_reticulum_stress	biological_process
GO:0070076	histone_lysine_demethylation	biological_process
GO:0070098	chemokine-mediated_signaling_pathway	biological_process
GO:0070168	negative_regulation_of_biomineral_tissue_development	biological_process
GO:0070207	protein_homotrimerization	biological_process
GO:0070229	negative_regulation_of_lymphocyte_apoptotic_process	biological_process
GO:0070230	positive_regulation_of_lymphocyte_apoptotic_process	biological_process
GO:0070232	regulation_of_T_cell_apoptotic_process	biological_process
GO:0070266	necroptotic_process	biological_process
GO:0070268	cornification	biological_process
GO:0070301	cellular_response_to_hydrogen_peroxide	biological_process
GO:0070303	negative_regulation_of_stress-activated_protein_kinase_signaling_cascade	biological_process
GO:0070304	positive_regulation_of_stress-activated_protein_kinase_signaling_cascade	biological_process
GO:0070317	negative_regulation_of_G0_to_G1_transition	biological_process
GO:0070328	triglyceride_homeostasis	biological_process
GO:0070371	ERK1_and_ERK2_cascade	biological_process
GO:0070372	regulation_of_ERK1_and_ERK2_cascade	biological_process
GO:0070373	negative_regulation_of_ERK1_and_ERK2_cascade	biological_process
GO:0070374	positive_regulation_of_ERK1_and_ERK2_cascade	biological_process
GO:0070423	nucleotide-binding_oligomerization_domain_containing_signaling_pathway	biological_process
GO:0070498	interleukin-1-mediated_signaling_pathway	biological_process
GO:0070507	regulation_of_microtubule_cytoskeleton_organization	biological_process
GO:0070509	calcium_ion_import	biological_process
GO:0070527	platelet_aggregation	biological_process
GO:0070542	response_to_fatty_acid	biological_process
GO:0070555	response_to_interleukin-1	biological_process
GO:0070588	calcium_ion_transmembrane_transport	biological_process
GO:0070613	regulation_of_protein_processing	biological_process
GO:0070647	protein_modification_by_small_protein_conjugation_or_removal	biological_process
GO:0070665	positive_regulation_of_leukocyte_proliferation	biological_process
GO:0070723	response_to_cholesterol	biological_process
GO:0070875	positive_regulation_of_glycogen_metabolic_process	biological_process
GO:0070884	regulation_of_calcineurin-NFAT_signaling_cascade	biological_process
GO:0070925	organelle_assembly	biological_process
GO:0070932	histone_H3_deacetylation	biological_process
GO:0070988	demethylation	biological_process
GO:0071071	regulation_of_phospholipid_biosynthetic_process	biological_process
GO:0071157	negative_regulation_of_cell_cycle_arrest	biological_process
GO:0071214	cellular_response_to_abiotic_stimulus	biological_process
GO:0071222	cellular_response_to_lipopolysaccharide	biological_process
GO:0071229	cellular_response_to_acid_chemical	biological_process
GO:0071230	cellular_response_to_amino_acid_stimulus	biological_process
GO:0071243	cellular_response_to_arsenic-containing_substance	biological_process
GO:0071248	cellular_response_to_metal_ion	biological_process
GO:0071260	cellular_response_to_mechanical_stimulus	biological_process
GO:0071276	cellular_response_to_cadmium_ion	biological_process
GO:0071277	cellular_response_to_calcium_ion	biological_process
GO:0071295	cellular_response_to_vitamin	biological_process
GO:0071300	cellular_response_to_retinoic_acid	biological_process
GO:0071312	cellular_response_to_alkaloid	biological_process
GO:0071318	cellular_response_to_ATP	biological_process
GO:0071320	cellular_response_to_cAMP	biological_process
GO:0071326	cellular_response_to_monosaccharide_stimulus	biological_process
GO:0071333	cellular_response_to_glucose_stimulus	biological_process
GO:0071345	cellular_response_to_cytokine_stimulus	biological_process
GO:0071353	cellular_response_to_interleukin-4	biological_process
GO:0071354	cellular_response_to_interleukin-6	biological_process
GO:0071356	cellular_response_to_tumor_necrosis_factor	biological_process
GO:0071361	cellular_response_to_ethanol	biological_process
GO:0071363	cellular_response_to_growth_factor_stimulus	biological_process
GO:0071364	cellular_response_to_epidermal_growth_factor_stimulus	biological_process
GO:0071371	cellular_response_to_gonadotropin_stimulus	biological_process
GO:0071375	cellular_response_to_peptide_hormone_stimulus	biological_process
GO:0071377	cellular_response_to_glucagon_stimulus	biological_process
GO:0071380	cellular_response_to_prostaglandin_E_stimulus	biological_process
GO:0071392	cellular_response_to_estradiol_stimulus	biological_process
GO:0071396	cellular_response_to_lipid	biological_process
GO:0071398	cellular_response_to_fatty_acid	biological_process
GO:0071404	cellular_response_to_low-density_lipoprotein_particle_stimulus	biological_process
GO:0071407	cellular_response_to_organic_cyclic_compound	biological_process
GO:0071415	cellular_response_to_purine-containing_compound	biological_process
GO:0071417	cellular_response_to_organonitrogen_compound	biological_process
GO:0071456	cellular_response_to_hypoxia	biological_process
GO:0071466	cellular_response_to_xenobiotic_stimulus	biological_process
GO:0071470	cellular_response_to_osmotic_stress	biological_process
GO:0071480	cellular_response_to_gamma_radiation	biological_process
GO:0071496	cellular_response_to_external_stimulus	biological_process
GO:0071542	dopaminergic_neuron_differentiation	biological_process
GO:0071549	cellular_response_to_dexamethasone_stimulus	biological_process
GO:0071559	response_to_transforming_growth_factor_beta	biological_process
GO:0071634	regulation_of_transforming_growth_factor_beta_production	biological_process
GO:0071695	anatomical_structure_maturation	biological_process
GO:0071702	organic_substance_transport	biological_process
GO:0071705	nitrogen_compound_transport	biological_process
GO:0071731	response_to_nitric_oxide	biological_process
GO:0071772	response_to_BMP	biological_process
GO:0071805	potassium_ion_transmembrane_transport	biological_process
GO:0071824	protein-DNA_complex_subunit_organization	biological_process
GO:0071868	cellular_response_to_monoamine_stimulus	biological_process
GO:0071872	cellular_response_to_epinephrine_stimulus	biological_process
GO:0071887	leukocyte_apoptotic_process	biological_process
GO:0071897	DNA_biosynthetic_process	biological_process
GO:0071900	regulation_of_protein_serine/threonine_kinase_activity	biological_process
GO:0071902	positive_regulation_of_protein_serine/threonine_kinase_activity	biological_process
GO:0072012	glomerulus_vasculature_development	biological_process
GO:0072073	kidney_epithelium_development	biological_process
GO:0072078	nephron_tubule_morphogenesis	biological_process
GO:0072080	nephron_tubule_development	biological_process
GO:0072088	nephron_epithelium_morphogenesis	biological_process
GO:0072089	stem_cell_proliferation	biological_process
GO:0072163	mesonephric_epithelium_development	biological_process
GO:0072215	regulation_of_metanephros_development	biological_process
GO:0072329	monocarboxylic_acid_catabolic_process	biological_process
GO:0072330	monocarboxylic_acid_biosynthetic_process	biological_process
GO:0072331	signal_transduction_by_p53_class_mediator	biological_process
GO:0072359	circulatory_system_development	biological_process
GO:0072378	blood_coagulation,_fibrin_clot_formation	biological_process
GO:0072422	signal_transduction_involved_in_DNA_damage_checkpoint	biological_process
GO:0072525	pyridine-containing_compound_biosynthetic_process	biological_process
GO:0072527	pyrimidine-containing_compound_metabolic_process	biological_process
GO:0072594	establishment_of_protein_localization_to_organelle	biological_process
GO:0072595	maintenance_of_protein_localization_in_organelle	biological_process
GO:0072655	establishment_of_protein_localization_to_mitochondrion	biological_process
GO:0072657	protein_localization_to_membrane	biological_process
GO:0072659	protein_localization_to_plasma_membrane	biological_process
GO:0072662	protein_localization_to_peroxisome	biological_process
GO:0072678	T_cell_migration	biological_process
GO:0080134	regulation_of_response_to_stress	biological_process
GO:0080135	regulation_of_cellular_response_to_stress	biological_process
GO:0086002	cardiac_muscle_cell_action_potential_involved_in_contraction	biological_process
GO:0086004	regulation_of_cardiac_muscle_cell_contraction	biological_process
GO:0086012	membrane_depolarization_during_cardiac_muscle_cell_action_potential	biological_process
GO:0086013	membrane_repolarization_during_cardiac_muscle_cell_action_potential	biological_process
GO:0086019	cell-cell_signaling_involved_in_cardiac_conduction	biological_process
GO:0086091	regulation_of_heart_rate_by_cardiac_conduction	biological_process
GO:0090023	positive_regulation_of_neutrophil_chemotaxis	biological_process
GO:0090026	positive_regulation_of_monocyte_chemotaxis	biological_process
GO:0090050	positive_regulation_of_cell_migration_involved_in_sprouting_angiogenesis	biological_process
GO:0090066	regulation_of_anatomical_structure_size	biological_process
GO:0090068	positive_regulation_of_cell_cycle_process	biological_process
GO:0090075	relaxation_of_muscle	biological_process
GO:0090090	negative_regulation_of_canonical_Wnt_signaling_pathway	biological_process
GO:0090092	regulation_of_transmembrane_receptor_protein_serine/threonine_kinase_signaling_pathway	biological_process
GO:0090102	cochlea_development	biological_process
GO:0090130	tissue_migration	biological_process
GO:0090150	establishment_of_protein_localization_to_membrane	biological_process
GO:0090184	positive_regulation_of_kidney_development	biological_process
GO:0090200	positive_regulation_of_release_of_cytochrome_c_from_mitochondria	biological_process
GO:0090207	regulation_of_triglyceride_metabolic_process	biological_process
GO:0090257	regulation_of_muscle_system_process	biological_process
GO:0090263	positive_regulation_of_canonical_Wnt_signaling_pathway	biological_process
GO:0090280	positive_regulation_of_calcium_ion_import	biological_process
GO:0090287	regulation_of_cellular_response_to_growth_factor_stimulus	biological_process
GO:0090304	nucleic_acid_metabolic_process	biological_process
GO:0090307	mitotic_spindle_assembly	biological_process
GO:0090312	positive_regulation_of_protein_deacetylation	biological_process
GO:0090314	positive_regulation_of_protein_targeting_to_membrane	biological_process
GO:0090316	positive_regulation_of_intracellular_protein_transport	biological_process
GO:0090344	negative_regulation_of_cell_aging	biological_process
GO:0090398	cellular_senescence	biological_process
GO:0090399	replicative_senescence	biological_process
GO:0090407	organophosphate_biosynthetic_process	biological_process
GO:0090501	RNA_phosphodiester_bond_hydrolysis	biological_process
GO:0090559	regulation_of_membrane_permeability	biological_process
GO:0090596	sensory_organ_morphogenesis	biological_process
GO:0090630	activation_of_GTPase_activity	biological_process
GO:0097009	energy_homeostasis	biological_process
GO:0097028	dendritic_cell_differentiation	biological_process
GO:0097061	dendritic_spine_organization	biological_process
GO:0097066	response_to_thyroid_hormone	biological_process
GO:0097164	ammonium_ion_metabolic_process	biological_process
GO:0097190	apoptotic_signaling_pathway	biological_process
GO:0097191	extrinsic_apoptotic_signaling_pathway	biological_process
GO:0097192	extrinsic_apoptotic_signaling_pathway_in_absence_of_ligand	biological_process
GO:0097193	intrinsic_apoptotic_signaling_pathway	biological_process
GO:0097194	execution_phase_of_apoptosis	biological_process
GO:0097237	cellular_response_to_toxic_substance	biological_process
GO:0097242	amyloid-beta_clearance	biological_process
GO:0097305	response_to_alcohol	biological_process
GO:0097306	cellular_response_to_alcohol	biological_process
GO:0097327	response_to_antineoplastic_agent	biological_process
GO:0097421	liver_regeneration	biological_process
GO:0097435	supramolecular_fiber_organization	biological_process
GO:0097711	ciliary_basal_body-plasma_membrane_docking	biological_process
GO:0097746	regulation_of_blood_vessel_diameter	biological_process
GO:0098542	defense_response_to_other_organism	biological_process
GO:0098586	cellular_response_to_virus	biological_process
GO:0098609	cell-cell_adhesion	biological_process
GO:0098656	anion_transmembrane_transport	biological_process
GO:0098657	import_into_cell	biological_process
GO:0098659	inorganic_cation_import_across_plasma_membrane	biological_process
GO:0098662	inorganic_cation_transmembrane_transport	biological_process
GO:0098664	G_protein-coupled_serotonin_receptor_signaling_pathway	biological_process
GO:0098732	macromolecule_deacylation	biological_process
GO:0098754	detoxification	biological_process
GO:0098761	cellular_response_to_interleukin-7	biological_process
GO:0098771	inorganic_ion_homeostasis	biological_process
GO:0098781	ncRNA_transcription	biological_process
GO:0098813	nuclear_chromosome_segregation	biological_process
GO:0098868	bone_growth	biological_process
GO:0098869	cellular_oxidant_detoxification	biological_process
GO:0098900	regulation_of_action_potential	biological_process
GO:0098930	axonal_transport	biological_process
GO:0099024	plasma_membrane_invagination	biological_process
GO:0099111	microtubule-based_transport	biological_process
GO:0099170	postsynaptic_modulation_of_chemical_synaptic_transmission	biological_process
GO:0099504	synaptic_vesicle_cycle	biological_process
GO:0110020	regulation_of_actomyosin_structure_organization	biological_process
GO:0110053	regulation_of_actin_filament_organization	biological_process
GO:0110110	positive_regulation_of_animal_organ_morphogenesis	biological_process
GO:0110111	negative_regulation_of_animal_organ_morphogenesis	biological_process
GO:0120031	plasma_membrane_bounded_cell_projection_assembly	biological_process
GO:0120034	positive_regulation_of_plasma_membrane_bounded_cell_projection_assembly	biological_process
GO:0120035	regulation_of_plasma_membrane_bounded_cell_projection_organization	biological_process
GO:0120036	plasma_membrane_bounded_cell_projection_organization	biological_process
GO:0120162	positive_regulation_of_cold-induced_thermogenesis	biological_process
GO:0120163	negative_regulation_of_cold-induced_thermogenesis	biological_process
GO:0140029	exocytic_process	biological_process
GO:0140115	export_across_plasma_membrane	biological_process
GO:0140131	positive_regulation_of_lymphocyte_chemotaxis	biological_process
GO:0150063	visual_system_development	biological_process
GO:0150065	regulation_of_deacetylase_activity	biological_process
GO:0150078	positive_regulation_of_neuroinflammatory_response	biological_process
GO:1900015	regulation_of_cytokine_production_involved_in_inflammatory_response	biological_process
GO:1900026	positive_regulation_of_substrate_adhesion-dependent_cell_spreading	biological_process
GO:1900034	regulation_of_cellular_response_to_heat	biological_process
GO:1900076	regulation_of_cellular_response_to_insulin_stimulus	biological_process
GO:1900087	positive_regulation_of_G1/S_transition_of_mitotic_cell_cycle	biological_process
GO:1900101	regulation_of_endoplasmic_reticulum_unfolded_protein_response	biological_process
GO:1900117	regulation_of_execution_phase_of_apoptosis	biological_process
GO:1900120	regulation_of_receptor_binding	biological_process
GO:1900273	positive_regulation_of_long-term_synaptic_potentiation	biological_process
GO:1900274	regulation_of_phospholipase_C_activity	biological_process
GO:1900371	regulation_of_purine_nucleotide_biosynthetic_process	biological_process
GO:1900408	negative_regulation_of_cellular_response_to_oxidative_stress	biological_process
GO:1900409	positive_regulation_of_cellular_response_to_oxidative_stress	biological_process
GO:1900740	positive_regulation_of_protein_insertion_into_mitochondrial_membrane_involved_in_apoptotic_signaling_pathway	biological_process
GO:1900745	positive_regulation_of_p38MAPK_cascade	biological_process
GO:1901016	regulation_of_potassium_ion_transmembrane_transporter_activity	biological_process
GO:1901020	negative_regulation_of_calcium_ion_transmembrane_transporter_activity	biological_process
GO:1901021	positive_regulation_of_calcium_ion_transmembrane_transporter_activity	biological_process
GO:1901068	guanosine-containing_compound_metabolic_process	biological_process
GO:1901135	carbohydrate_derivative_metabolic_process	biological_process
GO:1901136	carbohydrate_derivative_catabolic_process	biological_process
GO:1901137	carbohydrate_derivative_biosynthetic_process	biological_process
GO:1901214	regulation_of_neuron_death	biological_process
GO:1901224	positive_regulation_of_NIK/NF-kappaB_signaling	biological_process
GO:1901264	carbohydrate_derivative_transport	biological_process
GO:1901361	organic_cyclic_compound_catabolic_process	biological_process
GO:1901362	organic_cyclic_compound_biosynthetic_process	biological_process
GO:1901380	negative_regulation_of_potassium_ion_transmembrane_transport	biological_process
GO:1901381	positive_regulation_of_potassium_ion_transmembrane_transport	biological_process
GO:1901385	regulation_of_voltage-gated_calcium_channel_activity	biological_process
GO:1901565	organonitrogen_compound_catabolic_process	biological_process
GO:1901566	organonitrogen_compound_biosynthetic_process	biological_process
GO:1901568	fatty_acid_derivative_metabolic_process	biological_process
GO:1901571	fatty_acid_derivative_transport	biological_process
GO:1901575	organic_substance_catabolic_process	biological_process
GO:1901576	organic_substance_biosynthetic_process	biological_process
GO:1901605	alpha-amino_acid_metabolic_process	biological_process
GO:1901607	alpha-amino_acid_biosynthetic_process	biological_process
GO:1901615	organic_hydroxy_compound_metabolic_process	biological_process
GO:1901616	organic_hydroxy_compound_catabolic_process	biological_process
GO:1901617	organic_hydroxy_compound_biosynthetic_process	biological_process
GO:1901652	response_to_peptide	biological_process
GO:1901653	cellular_response_to_peptide	biological_process
GO:1901654	response_to_ketone	biological_process
GO:1901655	cellular_response_to_ketone	biological_process
GO:1901658	glycosyl_compound_catabolic_process	biological_process
GO:1901659	glycosyl_compound_biosynthetic_process	biological_process
GO:1901661	quinone_metabolic_process	biological_process
GO:1901687	glutathione_derivative_biosynthetic_process	biological_process
GO:1901701	cellular_response_to_oxygen-containing_compound	biological_process
GO:1901796	regulation_of_signal_transduction_by_p53_class_mediator	biological_process
GO:1901889	negative_regulation_of_cell_junction_assembly	biological_process
GO:1901985	positive_regulation_of_protein_acetylation	biological_process
GO:1901990	regulation_of_mitotic_cell_cycle_phase_transition	biological_process
GO:1902003	regulation_of_amyloid-beta_formation	biological_process
GO:1902036	regulation_of_hematopoietic_stem_cell_differentiation	biological_process
GO:1902042	negative_regulation_of_extrinsic_apoptotic_signaling_pathway_via_death_domain_receptors	biological_process
GO:1902105	regulation_of_leukocyte_differentiation	biological_process
GO:1902117	positive_regulation_of_organelle_assembly	biological_process
GO:1902170	cellular_response_to_reactive_nitrogen_species	biological_process
GO:1902175	regulation_of_oxidative_stress-induced_intrinsic_apoptotic_signaling_pathway	biological_process
GO:1902230	negative_regulation_of_intrinsic_apoptotic_signaling_pathway_in_response_to_DNA_damage	biological_process
GO:1902235	regulation_of_endoplasmic_reticulum_stress-induced_intrinsic_apoptotic_signaling_pathway	biological_process
GO:1902254	negative_regulation_of_intrinsic_apoptotic_signaling_pathway_by_p53_class_mediator	biological_process
GO:1902402	signal_transduction_involved_in_mitotic_DNA_damage_checkpoint	biological_process
GO:1902403	signal_transduction_involved_in_mitotic_DNA_integrity_checkpoint	biological_process
GO:1902475	L-alpha-amino_acid_transmembrane_transport	biological_process
GO:1902476	chloride_transmembrane_transport	biological_process
GO:1902532	negative_regulation_of_intracellular_signal_transduction	biological_process
GO:1902533	positive_regulation_of_intracellular_signal_transduction	biological_process
GO:1902600	proton_transmembrane_transport	biological_process
GO:1902644	tertiary_alcohol_metabolic_process	biological_process
GO:1902692	regulation_of_neuroblast_proliferation	biological_process
GO:1902745	positive_regulation_of_lamellipodium_organization	biological_process
GO:1902749	regulation_of_cell_cycle_G2/M_phase_transition	biological_process
GO:1902895	positive_regulation_of_pri-miRNA_transcription_by_RNA_polymerase_II	biological_process
GO:1902904	negative_regulation_of_supramolecular_fiber_organization	biological_process
GO:1902905	positive_regulation_of_supramolecular_fiber_organization	biological_process
GO:1903008	organelle_disassembly	biological_process
GO:1903035	negative_regulation_of_response_to_wounding	biological_process
GO:1903037	regulation_of_leukocyte_cell-cell_adhesion	biological_process
GO:1903038	negative_regulation_of_leukocyte_cell-cell_adhesion	biological_process
GO:1903047	mitotic_cell_cycle_process	biological_process
GO:1903053	regulation_of_extracellular_matrix_organization	biological_process
GO:1903078	positive_regulation_of_protein_localization_to_plasma_membrane	biological_process
GO:1903146	regulation_of_autophagy_of_mitochondrion	biological_process
GO:1903169	regulation_of_calcium_ion_transmembrane_transport	biological_process
GO:1903203	regulation_of_oxidative_stress-induced_neuron_death	biological_process
GO:1903206	negative_regulation_of_hydrogen_peroxide-induced_cell_death	biological_process
GO:1903312	negative_regulation_of_mRNA_metabolic_process	biological_process
GO:1903313	positive_regulation_of_mRNA_metabolic_process	biological_process
GO:1903320	regulation_of_protein_modification_by_small_protein_conjugation_or_removal	biological_process
GO:1903351	cellular_response_to_dopamine	biological_process
GO:1903362	regulation_of_cellular_protein_catabolic_process	biological_process
GO:1903363	negative_regulation_of_cellular_protein_catabolic_process	biological_process
GO:1903364	positive_regulation_of_cellular_protein_catabolic_process	biological_process
GO:1903409	reactive_oxygen_species_biosynthetic_process	biological_process
GO:1903427	negative_regulation_of_reactive_oxygen_species_biosynthetic_process	biological_process
GO:1903429	regulation_of_cell_maturation	biological_process
GO:1903509	liposaccharide_metabolic_process	biological_process
GO:1903522	regulation_of_blood_circulation	biological_process
GO:1903530	regulation_of_secretion_by_cell	biological_process
GO:1903532	positive_regulation_of_secretion_by_cell	biological_process
GO:1903533	regulation_of_protein_targeting	biological_process
GO:1903579	negative_regulation_of_ATP_metabolic_process	biological_process
GO:1903670	regulation_of_sprouting_angiogenesis	biological_process
GO:1903706	regulation_of_hemopoiesis	biological_process
GO:1903707	negative_regulation_of_hemopoiesis	biological_process
GO:1903779	regulation_of_cardiac_conduction	biological_process
GO:1903792	negative_regulation_of_anion_transport	biological_process
GO:1903798	regulation_of_production_of_miRNAs_involved_in_gene_silencing_by_miRNA	biological_process
GO:1903825	organic_acid_transmembrane_transport	biological_process
GO:1903827	regulation_of_cellular_protein_localization	biological_process
GO:1903828	negative_regulation_of_cellular_protein_localization	biological_process
GO:1903829	positive_regulation_of_cellular_protein_localization	biological_process
GO:1903831	signal_transduction_involved_in_cellular_response_to_ammonium_ion	biological_process
GO:1903955	positive_regulation_of_protein_targeting_to_mitochondrion	biological_process
GO:1903959	regulation_of_anion_transmembrane_transport	biological_process
GO:1903978	regulation_of_microglial_cell_activation	biological_process
GO:1904019	epithelial_cell_apoptotic_process	biological_process
GO:1904029	regulation_of_cyclin-dependent_protein_kinase_activity	biological_process
GO:1904062	regulation_of_cation_transmembrane_transport	biological_process
GO:1904064	positive_regulation_of_cation_transmembrane_transport	biological_process
GO:1904355	positive_regulation_of_telomere_capping	biological_process
GO:1904385	cellular_response_to_angiotensin	biological_process
GO:1904467	regulation_of_tumor_necrosis_factor_secretion	biological_process
GO:1904646	cellular_response_to_amyloid-beta	biological_process
GO:1904659	glucose_transmembrane_transport	biological_process
GO:1904706	negative_regulation_of_vascular_smooth_muscle_cell_proliferation	biological_process
GO:1904707	positive_regulation_of_vascular_smooth_muscle_cell_proliferation	biological_process
GO:1904752	regulation_of_vascular_associated_smooth_muscle_cell_migration	biological_process
GO:1904837	beta-catenin-TCF_complex_assembly	biological_process
GO:1904886	beta-catenin_destruction_complex_disassembly	biological_process
GO:1904950	negative_regulation_of_establishment_of_protein_localization	biological_process
GO:1904996	positive_regulation_of_leukocyte_adhesion_to_vascular_endothelial_cell	biological_process
GO:1905039	carboxylic_acid_transmembrane_transport	biological_process
GO:1905114	cell_surface_receptor_signaling_pathway_involved_in_cell-cell_signaling	biological_process
GO:1905208	negative_regulation_of_cardiocyte_differentiation	biological_process
GO:1905209	positive_regulation_of_cardiocyte_differentiation	biological_process
GO:1905269	positive_regulation_of_chromatin_organization	biological_process
GO:1905330	regulation_of_morphogenesis_of_an_epithelium	biological_process
GO:1905332	positive_regulation_of_morphogenesis_of_an_epithelium	biological_process
GO:1905475	regulation_of_protein_localization_to_membrane	biological_process
GO:1905564	positive_regulation_of_vascular_endothelial_cell_proliferation	biological_process
GO:1905818	regulation_of_chromosome_separation	biological_process
GO:1905898	positive_regulation_of_response_to_endoplasmic_reticulum_stress	biological_process
GO:1905952	regulation_of_lipid_localization	biological_process
GO:1990090	cellular_response_to_nerve_growth_factor_stimulus	biological_process
GO:1990138	neuron_projection_extension	biological_process
GO:1990830	cellular_response_to_leukemia_inhibitory_factor	biological_process
GO:2000027	regulation_of_animal_organ_morphogenesis	biological_process
GO:2000112	regulation_of_cellular_macromolecule_biosynthetic_process	biological_process
GO:2000113	negative_regulation_of_cellular_macromolecule_biosynthetic_process	biological_process
GO:2000142	regulation_of_DNA-templated_transcription,_initiation	biological_process
GO:2000171	negative_regulation_of_dendrite_development	biological_process
GO:2000179	positive_regulation_of_neural_precursor_cell_proliferation	biological_process
GO:2000242	negative_regulation_of_reproductive_process	biological_process
GO:2000243	positive_regulation_of_reproductive_process	biological_process
GO:2000249	regulation_of_actin_cytoskeleton_reorganization	biological_process
GO:2000272	negative_regulation_of_signaling_receptor_activity	biological_process
GO:2000273	positive_regulation_of_signaling_receptor_activity	biological_process
GO:2000279	negative_regulation_of_DNA_biosynthetic_process	biological_process
GO:2000300	regulation_of_synaptic_vesicle_exocytosis	biological_process
GO:2000310	regulation_of_NMDA_receptor_activity	biological_process
GO:2000352	negative_regulation_of_endothelial_cell_apoptotic_process	biological_process
GO:2000353	positive_regulation_of_endothelial_cell_apoptotic_process	biological_process
GO:2000377	regulation_of_reactive_oxygen_species_metabolic_process	biological_process
GO:2000379	positive_regulation_of_reactive_oxygen_species_metabolic_process	biological_process
GO:2000406	positive_regulation_of_T_cell_migration	biological_process
GO:2000463	positive_regulation_of_excitatory_postsynaptic_potential	biological_process
GO:2000515	negative_regulation_of_CD4-positive,_alpha-beta_T_cell_activation	biological_process
GO:2000648	positive_regulation_of_stem_cell_proliferation	biological_process
GO:2000649	regulation_of_sodium_ion_transmembrane_transporter_activity	biological_process
GO:2000679	positive_regulation_of_transcription_regulatory_region_DNA_binding	biological_process
GO:2000772	regulation_of_cellular_senescence	biological_process
GO:2000778	positive_regulation_of_interleukin-6_secretion	biological_process
GO:2000810	regulation_of_bicellular_tight_junction_assembly	biological_process
GO:2000811	negative_regulation_of_anoikis	biological_process
GO:2000826	regulation_of_heart_morphogenesis	biological_process
GO:2001020	regulation_of_response_to_DNA_damage_stimulus	biological_process
GO:2001024	negative_regulation_of_response_to_drug	biological_process
GO:2001025	positive_regulation_of_response_to_drug	biological_process
GO:2001028	positive_regulation_of_endothelial_cell_chemotaxis	biological_process
GO:2001056	positive_regulation_of_cysteine-type_endopeptidase_activity	biological_process
GO:2001233	regulation_of_apoptotic_signaling_pathway	biological_process
GO:2001234	negative_regulation_of_apoptotic_signaling_pathway	biological_process
GO:2001235	positive_regulation_of_apoptotic_signaling_pathway	biological_process
GO:2001236	regulation_of_extrinsic_apoptotic_signaling_pathway	biological_process
GO:2001238	positive_regulation_of_extrinsic_apoptotic_signaling_pathway	biological_process
GO:2001240	negative_regulation_of_extrinsic_apoptotic_signaling_pathway_in_absence_of_ligand	biological_process
GO:2001242	regulation_of_intrinsic_apoptotic_signaling_pathway	biological_process
GO:2001244	positive_regulation_of_intrinsic_apoptotic_signaling_pathway	biological_process
GO:2001257	regulation_of_cation_channel_activity	biological_process
GO:2001258	negative_regulation_of_cation_channel_activity	biological_process
GO:2001259	positive_regulation_of_cation_channel_activity	biological_process
